diff --git a/java/engine/org/apache/derby/loc/messages_en.properties b/java/engine/org/apache/derby/loc/messages_en.properties
index a972ae1f6..cf716e179 100644
--- a/java/engine/org/apache/derby/loc/messages_en.properties
+++ b/java/engine/org/apache/derby/loc/messages_en.properties
@@ -481,7 +481,7 @@ XSDG8.D=Unable to copy directory ''{0}'' to ''{1}'' during restore. Please make
 42X02={0}.
 42X03=Column name ''{0}'' is in more than one table in the FROM list.
 42X04=Column ''{0}'' is either not in any table in the FROM list or appears within a join specification and is outside the scope of the join specification or appears in a HAVING clause and is not in the GROUP BY list. If this is a CREATE or ALTER TABLE  statement then ''{0}'' is not a column in the target table.
-42X05=Table ''{0}'' does not exist.
+42X05=Table/View ''{0}'' does not exist.
 42X06=Too many result columns specified for table ''{0}''.
 42X07=Null is only allowed in a VALUES clause within an INSERT statement.
 42X08=The constructor for class ''{0}'' cannot be used as an external virtual table because the class does not implement ''{1}''. 
@@ -978,7 +978,7 @@ X0A00.S=The select list mentions column ''{0}'' twice. This is not allowed in qu
 
 X0X02.S=Table ''{0}'' cannot be locked in ''{1}'' mode.
 X0X03.S=Invalid transaction state - held cursor requires same isolation level
-X0X05.S=Table ''{0}'' does not exist.
+X0X05.S=Table/View ''{0}'' does not exist.
 X0X0E.S=The column position ''{0}'' listed in the auto-generated column selection array was not found in the insert table. 
 X0X0F.S=Column name ''{0}'' listed in auto-generated column selection array not found in the insert table.
 X0X07.S=Cannot remove jar file ''{0}'' because it is on your derby.database.classpath ''{0}''.
diff --git a/java/testing/org/apache/derbyTesting/functionTests/master/DerbyNet/ieptests.out b/java/testing/org/apache/derbyTesting/functionTests/master/DerbyNet/ieptests.out
index e69f86e99..8eb3be39b 100644
--- a/java/testing/org/apache/derbyTesting/functionTests/master/DerbyNet/ieptests.out
+++ b/java/testing/org/apache/derbyTesting/functionTests/master/DerbyNet/ieptests.out
@@ -780,7 +780,7 @@ call SYSCS_UTIL.SYSCS_EXPORT_TABLE ('GROUP', 'Order' , 'extinout/order.dat', nul
 ERROR 38000: The exception 'SQL Exception: Schema 'GROUP' does not exist' was thrown while evaluating an expression. SQLSTATE: 42Y07: Schema 'GROUP' does not exist
 ij> --following export should fail because table name is not matching the way it is defined in the quotes.
 call SYSCS_UTIL.SYSCS_EXPORT_TABLE ('Group', 'ORDER' , 'extinout/order.dat', null, null, null) ;
-ERROR 38000: The exception 'SQL Exception: Table 'Group.ORDER' does not exist.' was thrown while evaluating an expression. SQLSTATE: 42X05: Table 'Group.ORDER' does not exist.
+ERROR 38000: The exception 'SQL Exception: Table 'Group.ORDER' does not exist.' was thrown while evaluating an expression. SQLSTATE: 42X05: Table/View 'Group.ORDER' does not exist.
 ij> --following export should fail because of unquoted table name that is a reserved word.
 call SYSCS_UTIL.SYSCS_EXPORT_QUERY('select * from "Group".Order' , 'extinout/order.dat' ,    null , null , null ) ;
 ERROR 38000: The exception 'SQL Exception: Syntax error: Encountered "Order" at line 1, column 23.' was thrown while evaluating an expression. SQLSTATE: 42X01: Syntax error: Encountered "Order" at line 1, column 23.
@@ -863,7 +863,7 @@ call SYSCS_UTIL.SYSCS_EXPORT_TABLE ('inventory', 'ORDERTABLE' , 'extinout/order.
 ERROR 38000: The exception 'SQL Exception: Schema 'inventory' does not exist' was thrown while evaluating an expression. SQLSTATE: 42Y07: Schema 'inventory' does not exist
 ij> --following export should fail because table name is not in upper case.
 call SYSCS_UTIL.SYSCS_EXPORT_TABLE ('INVENTORY', 'ordertable' , 'extinout/order.dat', null, null, null) ;
-ERROR 38000: The exception 'SQL Exception: Table 'INVENTORY.ordertable' does not exist.' was thrown while evaluating an expression. SQLSTATE: 42X05: Table 'INVENTORY.ordertable' does not exist.
+ERROR 38000: The exception 'SQL Exception: Table 'INVENTORY.ordertable' does not exist.' was thrown while evaluating an expression. SQLSTATE: 42X05: Table/View 'INVENTORY.ordertable' does not exist.
 ij> --following export should pass.
 call SYSCS_UTIL.SYSCS_EXPORT_TABLE ('INVENTORY', 'ORDERTABLE' , 'extinout/order.dat', null, null, null) ;
 Statement executed.
diff --git a/java/testing/org/apache/derbyTesting/functionTests/master/DerbyNet/jdk15/csPrepStmt.out b/java/testing/org/apache/derbyTesting/functionTests/master/DerbyNet/jdk15/csPrepStmt.out
index 5449c7ab0..0378cbc78 100644
--- a/java/testing/org/apache/derbyTesting/functionTests/master/DerbyNet/jdk15/csPrepStmt.out
+++ b/java/testing/org/apache/derbyTesting/functionTests/master/DerbyNet/jdk15/csPrepStmt.out
@@ -53,7 +53,7 @@ insertTab ( bigtab,0)
 SQLState: 42X01 message: Syntax error: Encountered "<EOF>" at line 1, column 32.
 Expected Table does not exist 
 insertTab ( wrongtab,1000)
-SQLState: 42X05 message: Table 'WRONGTAB' does not exist.
+SQLState: 42X05 message: Table/View 'WRONGTAB' does not exist.
 Minimum BigDecimal Value: 1E-15
 Prepared Statement String: update Numeric_Tab set NULL_VAL=?
 Select NULL_VAL from Numeric_Tab
diff --git a/java/testing/org/apache/derbyTesting/functionTests/master/DerbyNet/jdk15/prepStmt.out b/java/testing/org/apache/derbyTesting/functionTests/master/DerbyNet/jdk15/prepStmt.out
index 6fc3c4f70..626e48e96 100644
--- a/java/testing/org/apache/derbyTesting/functionTests/master/DerbyNet/jdk15/prepStmt.out
+++ b/java/testing/org/apache/derbyTesting/functionTests/master/DerbyNet/jdk15/prepStmt.out
@@ -53,7 +53,7 @@ insertTab ( bigtab,0)
 SQLState: 42X01 message: Syntax error: Encountered "<EOF>" at line 1, column 29.
 Expected Table does not exist 
 insertTab ( wrongtab,1000)
-SQLState: 42X05 message: Table 'WRONGTAB' does not exist.
+SQLState: 42X05 message: Table/View 'WRONGTAB' does not exist.
 CREATE TABLE doubletab (i int, doubleVal DOUBLE)
 testBigDecimalToDoubleConversion().
  Check that values are preserved when BigDecimal 
diff --git a/java/testing/org/apache/derbyTesting/functionTests/master/DerbyNet/supersimple.out b/java/testing/org/apache/derbyTesting/functionTests/master/DerbyNet/supersimple.out
index 857ae5c08..a85f521ad 100644
--- a/java/testing/org/apache/derbyTesting/functionTests/master/DerbyNet/supersimple.out
+++ b/java/testing/org/apache/derbyTesting/functionTests/master/DerbyNet/supersimple.out
@@ -134,7 +134,7 @@ ij(CONNECTION1)> select count(*) from a;
 ij(CONNECTION1)> disconnect;
 ij> set connection connection0;
 ij> select count(*) from a;
-ERROR 42X05: Table 'A' does not exist.
+ERROR 42X05: Table/View 'A' does not exist.
 ij> -- Bug 4758 - Store error does not return properly to client
 autocommit off;
 ij> create table t (i int);
diff --git a/java/testing/org/apache/derbyTesting/functionTests/master/DerbyNet/synonym.out b/java/testing/org/apache/derbyTesting/functionTests/master/DerbyNet/synonym.out
index 21d98ce80..450de2f6a 100644
--- a/java/testing/org/apache/derbyTesting/functionTests/master/DerbyNet/synonym.out
+++ b/java/testing/org/apache/derbyTesting/functionTests/master/DerbyNet/synonym.out
@@ -225,7 +225,7 @@ create synonym junkSchema.syn1 for table2;
 0 rows inserted/updated/deleted
 WARNING 01522: The newly defined synonym 'SYN1' resolved to the object 'JUNKSCHEMA.TABLE2' which is currently undefined. : 
 ij> select * from junkSchema.syn1;
-ERROR 42X05: Table 'JUNKSCHEMA.TABLE2' does not exist.
+ERROR 42X05: Table/View 'JUNKSCHEMA.TABLE2' does not exist.
 ij> set schema junkSchema;
 0 rows inserted/updated/deleted
 ij> create table table2(c char(10));
@@ -346,7 +346,7 @@ ij> drop synonym mySynonym;
 0 rows inserted/updated/deleted
 ij> -- Previously compiled cached statement should get invalidated
 select * from mySynonym;
-ERROR 42X05: Table 'MYSYNONYM' does not exist.
+ERROR 42X05: Table/View 'MYSYNONYM' does not exist.
 ij> create synonym mySyn for table1;
 0 rows inserted/updated/deleted
 ij> create view v1 as select * from mySyn;
@@ -373,7 +373,7 @@ ij> create synonym multiSchema for testSchema.testtab;
 0 rows inserted/updated/deleted
 WARNING 01522: The newly defined synonym 'MULTISCHEMA' resolved to the object 'TESTSCHEMA.TESTTAB' which is currently undefined. : 
 ij> select * from multiSchema;
-ERROR 42X05: Table 'TESTSCHEMA.TESTTAB' does not exist.
+ERROR 42X05: Table/View 'TESTSCHEMA.TESTTAB' does not exist.
 ij> create table testSchema.testtab(i int, c char(10));
 0 rows inserted/updated/deleted
 ij> insert into testSchema.testtab values (1, 'synonym');
diff --git a/java/testing/org/apache/derbyTesting/functionTests/master/DerbyNetClient/ieptests.out b/java/testing/org/apache/derbyTesting/functionTests/master/DerbyNetClient/ieptests.out
index e69f86e99..8eb3be39b 100644
--- a/java/testing/org/apache/derbyTesting/functionTests/master/DerbyNetClient/ieptests.out
+++ b/java/testing/org/apache/derbyTesting/functionTests/master/DerbyNetClient/ieptests.out
@@ -780,7 +780,7 @@ call SYSCS_UTIL.SYSCS_EXPORT_TABLE ('GROUP', 'Order' , 'extinout/order.dat', nul
 ERROR 38000: The exception 'SQL Exception: Schema 'GROUP' does not exist' was thrown while evaluating an expression. SQLSTATE: 42Y07: Schema 'GROUP' does not exist
 ij> --following export should fail because table name is not matching the way it is defined in the quotes.
 call SYSCS_UTIL.SYSCS_EXPORT_TABLE ('Group', 'ORDER' , 'extinout/order.dat', null, null, null) ;
-ERROR 38000: The exception 'SQL Exception: Table 'Group.ORDER' does not exist.' was thrown while evaluating an expression. SQLSTATE: 42X05: Table 'Group.ORDER' does not exist.
+ERROR 38000: The exception 'SQL Exception: Table 'Group.ORDER' does not exist.' was thrown while evaluating an expression. SQLSTATE: 42X05: Table/View 'Group.ORDER' does not exist.
 ij> --following export should fail because of unquoted table name that is a reserved word.
 call SYSCS_UTIL.SYSCS_EXPORT_QUERY('select * from "Group".Order' , 'extinout/order.dat' ,    null , null , null ) ;
 ERROR 38000: The exception 'SQL Exception: Syntax error: Encountered "Order" at line 1, column 23.' was thrown while evaluating an expression. SQLSTATE: 42X01: Syntax error: Encountered "Order" at line 1, column 23.
@@ -863,7 +863,7 @@ call SYSCS_UTIL.SYSCS_EXPORT_TABLE ('inventory', 'ORDERTABLE' , 'extinout/order.
 ERROR 38000: The exception 'SQL Exception: Schema 'inventory' does not exist' was thrown while evaluating an expression. SQLSTATE: 42Y07: Schema 'inventory' does not exist
 ij> --following export should fail because table name is not in upper case.
 call SYSCS_UTIL.SYSCS_EXPORT_TABLE ('INVENTORY', 'ordertable' , 'extinout/order.dat', null, null, null) ;
-ERROR 38000: The exception 'SQL Exception: Table 'INVENTORY.ordertable' does not exist.' was thrown while evaluating an expression. SQLSTATE: 42X05: Table 'INVENTORY.ordertable' does not exist.
+ERROR 38000: The exception 'SQL Exception: Table 'INVENTORY.ordertable' does not exist.' was thrown while evaluating an expression. SQLSTATE: 42X05: Table/View 'INVENTORY.ordertable' does not exist.
 ij> --following export should pass.
 call SYSCS_UTIL.SYSCS_EXPORT_TABLE ('INVENTORY', 'ORDERTABLE' , 'extinout/order.dat', null, null, null) ;
 Statement executed.
diff --git a/java/testing/org/apache/derbyTesting/functionTests/master/DerbyNetClient/jdk15/csPrepStmt.out b/java/testing/org/apache/derbyTesting/functionTests/master/DerbyNetClient/jdk15/csPrepStmt.out
index 5449c7ab0..0378cbc78 100644
--- a/java/testing/org/apache/derbyTesting/functionTests/master/DerbyNetClient/jdk15/csPrepStmt.out
+++ b/java/testing/org/apache/derbyTesting/functionTests/master/DerbyNetClient/jdk15/csPrepStmt.out
@@ -53,7 +53,7 @@ insertTab ( bigtab,0)
 SQLState: 42X01 message: Syntax error: Encountered "<EOF>" at line 1, column 32.
 Expected Table does not exist 
 insertTab ( wrongtab,1000)
-SQLState: 42X05 message: Table 'WRONGTAB' does not exist.
+SQLState: 42X05 message: Table/View 'WRONGTAB' does not exist.
 Minimum BigDecimal Value: 1E-15
 Prepared Statement String: update Numeric_Tab set NULL_VAL=?
 Select NULL_VAL from Numeric_Tab
diff --git a/java/testing/org/apache/derbyTesting/functionTests/master/DerbyNetClient/jdk15/prepStmt.out b/java/testing/org/apache/derbyTesting/functionTests/master/DerbyNetClient/jdk15/prepStmt.out
index 6fc3c4f70..626e48e96 100644
--- a/java/testing/org/apache/derbyTesting/functionTests/master/DerbyNetClient/jdk15/prepStmt.out
+++ b/java/testing/org/apache/derbyTesting/functionTests/master/DerbyNetClient/jdk15/prepStmt.out
@@ -53,7 +53,7 @@ insertTab ( bigtab,0)
 SQLState: 42X01 message: Syntax error: Encountered "<EOF>" at line 1, column 29.
 Expected Table does not exist 
 insertTab ( wrongtab,1000)
-SQLState: 42X05 message: Table 'WRONGTAB' does not exist.
+SQLState: 42X05 message: Table/View 'WRONGTAB' does not exist.
 CREATE TABLE doubletab (i int, doubleVal DOUBLE)
 testBigDecimalToDoubleConversion().
  Check that values are preserved when BigDecimal 
diff --git a/java/testing/org/apache/derbyTesting/functionTests/master/DerbyNetClient/supersimple.out b/java/testing/org/apache/derbyTesting/functionTests/master/DerbyNetClient/supersimple.out
index 857ae5c08..a85f521ad 100644
--- a/java/testing/org/apache/derbyTesting/functionTests/master/DerbyNetClient/supersimple.out
+++ b/java/testing/org/apache/derbyTesting/functionTests/master/DerbyNetClient/supersimple.out
@@ -134,7 +134,7 @@ ij(CONNECTION1)> select count(*) from a;
 ij(CONNECTION1)> disconnect;
 ij> set connection connection0;
 ij> select count(*) from a;
-ERROR 42X05: Table 'A' does not exist.
+ERROR 42X05: Table/View 'A' does not exist.
 ij> -- Bug 4758 - Store error does not return properly to client
 autocommit off;
 ij> create table t (i int);
diff --git a/java/testing/org/apache/derbyTesting/functionTests/master/DerbyNetClient/synonym.out b/java/testing/org/apache/derbyTesting/functionTests/master/DerbyNetClient/synonym.out
index 21d98ce80..450de2f6a 100644
--- a/java/testing/org/apache/derbyTesting/functionTests/master/DerbyNetClient/synonym.out
+++ b/java/testing/org/apache/derbyTesting/functionTests/master/DerbyNetClient/synonym.out
@@ -225,7 +225,7 @@ create synonym junkSchema.syn1 for table2;
 0 rows inserted/updated/deleted
 WARNING 01522: The newly defined synonym 'SYN1' resolved to the object 'JUNKSCHEMA.TABLE2' which is currently undefined. : 
 ij> select * from junkSchema.syn1;
-ERROR 42X05: Table 'JUNKSCHEMA.TABLE2' does not exist.
+ERROR 42X05: Table/View 'JUNKSCHEMA.TABLE2' does not exist.
 ij> set schema junkSchema;
 0 rows inserted/updated/deleted
 ij> create table table2(c char(10));
@@ -346,7 +346,7 @@ ij> drop synonym mySynonym;
 0 rows inserted/updated/deleted
 ij> -- Previously compiled cached statement should get invalidated
 select * from mySynonym;
-ERROR 42X05: Table 'MYSYNONYM' does not exist.
+ERROR 42X05: Table/View 'MYSYNONYM' does not exist.
 ij> create synonym mySyn for table1;
 0 rows inserted/updated/deleted
 ij> create view v1 as select * from mySyn;
@@ -373,7 +373,7 @@ ij> create synonym multiSchema for testSchema.testtab;
 0 rows inserted/updated/deleted
 WARNING 01522: The newly defined synonym 'MULTISCHEMA' resolved to the object 'TESTSCHEMA.TESTTAB' which is currently undefined. : 
 ij> select * from multiSchema;
-ERROR 42X05: Table 'TESTSCHEMA.TESTTAB' does not exist.
+ERROR 42X05: Table/View 'TESTSCHEMA.TESTTAB' does not exist.
 ij> create table testSchema.testtab(i int, c char(10));
 0 rows inserted/updated/deleted
 ij> insert into testSchema.testtab values (1, 'synonym');
diff --git a/java/testing/org/apache/derbyTesting/functionTests/master/DerbyNetClient/testij.out b/java/testing/org/apache/derbyTesting/functionTests/master/DerbyNetClient/testij.out
index 1060f999e..7df799457 100644
--- a/java/testing/org/apache/derbyTesting/functionTests/master/DerbyNetClient/testij.out
+++ b/java/testing/org/apache/derbyTesting/functionTests/master/DerbyNetClient/testij.out
@@ -19,7 +19,7 @@ ij(CONNECTION1)> -- Try some URL attributes
 disconnect all;
 ij> connect 'jdbc:derby://xxxFILTERED_HOSTNAMExxx:1527/junk;create=true' USER 'dbadmin' PASSWORD 'dbadbmin';
 ij> select * from APP.notthere;
-ERROR 42X05: Table 'APP.NOTTHERE' does not exist.
+ERROR 42X05: Table/View 'APP.NOTTHERE' does not exist.
 ij> -- examples from the docs
 connect 'jdbc:derby://xxxFILTERED_HOSTNAMExxx:1527/wombat;create=true;user=judy;password=judy';
 ij(CONNECTION1)> connect 'jdbc:derby://xxxFILTERED_HOSTNAMExxx:1527/./wombat;user=judy;password=judy';
@@ -52,7 +52,7 @@ ERROR 42X05: DERBY SQL error: SQLCODE: -1, SQLSTATE: 42X05, SQLERRMC: APP.NOTTHE
 ij(CONNECTION13)> connect 'jdbc:derby://xxxFILTERED_HOSTNAMExxx:1527/my-db-name;create=true;user=usr;password=pwd;retrieveMessageText=true';
 ij(CONNECTION14)> -- Should see message text
 select * from APP.notthere;
-ERROR 42X05: Table 'APP.NOTTHERE' does not exist.
+ERROR 42X05: Table/View 'APP.NOTTHERE' does not exist.
 ij(CONNECTION14)> -- just user security mechanism
 connect 'jdbc:derby://xxxFILTERED_HOSTNAMExxx:1527/my-db-name;create=true;user=usr;retrieveMessageText=true';
 ij(CONNECTION15)> connect 'jdbc:derby://xxxFILTERED_HOSTNAMExxx:1527/wombat' USER 'APP';
diff --git a/java/testing/org/apache/derbyTesting/functionTests/master/LOB.out b/java/testing/org/apache/derbyTesting/functionTests/master/LOB.out
index ec5987e25..e8800bf77 100644
--- a/java/testing/org/apache/derbyTesting/functionTests/master/LOB.out
+++ b/java/testing/org/apache/derbyTesting/functionTests/master/LOB.out
@@ -172,11 +172,11 @@ ij> insert into c values('12345');
 ij> insert into c values('123456');
 ERROR 22001: A truncation error was encountered trying to shrink CLOB '123456' to length 5.
 ij> insert into n values('1234');
-ERROR 42X05: Table 'N' does not exist.
+ERROR 42X05: Table/View 'N' does not exist.
 ij> insert into n values('12345');
-ERROR 42X05: Table 'N' does not exist.
+ERROR 42X05: Table/View 'N' does not exist.
 ij> insert into n values('123456');
-ERROR 42X05: Table 'N' does not exist.
+ERROR 42X05: Table/View 'N' does not exist.
 ij> --   ok
 insert into c values(cast('1234' as clob(5)));
 1 row inserted/updated/deleted
@@ -207,7 +207,7 @@ C
 12345
 12345
 ij> select * from n;
-ERROR 42X05: Table 'N' does not exist.
+ERROR 42X05: Table/View 'N' does not exist.
 ij> -- concatenate
 values cast('12' as clob(2)) || cast('34' as clob(2));
 1   
@@ -235,7 +235,7 @@ C
 12345
 12345
 ij> select * from n where n like '12%';
-ERROR 42X05: Table 'N' does not exist.
+ERROR 42X05: Table/View 'N' does not exist.
 ij> select * from b where b like cast('0102%' as blob(10));
 ERROR 42846: Cannot convert types 'CHAR' to 'BLOB'.
 ij> select * from c where c like cast('12%' as clob(10));
@@ -421,40 +421,40 @@ ERROR 0A000: Feature not implemented: NCLOB.
 ij> INSERT INTO testoperatornclob VALUES (CAST(cast('50' as varchar(80)) AS NCLOB(1K)));
 ERROR 0A000: Feature not implemented: NCLOB.
 ij> select * from testoperatornclob;
-ERROR 42X05: Table 'TESTOPERATORNCLOB' does not exist.
+ERROR 42X05: Table/View 'TESTOPERATORNCLOB' does not exist.
 ij> -- these select statements should raise an error but are successful in cloudscape
 select * from testoperatornclob where colone > 10;
-ERROR 42X05: Table 'TESTOPERATORNCLOB' does not exist.
+ERROR 42X05: Table/View 'TESTOPERATORNCLOB' does not exist.
 ij> select * from testoperatornclob where colone > 5;
-ERROR 42X05: Table 'TESTOPERATORNCLOB' does not exist.
+ERROR 42X05: Table/View 'TESTOPERATORNCLOB' does not exist.
 ij> select * from testoperatornclob where colone < 70;
-ERROR 42X05: Table 'TESTOPERATORNCLOB' does not exist.
+ERROR 42X05: Table/View 'TESTOPERATORNCLOB' does not exist.
 ij> select * from testoperatornclob where colone = 50;
-ERROR 42X05: Table 'TESTOPERATORNCLOB' does not exist.
+ERROR 42X05: Table/View 'TESTOPERATORNCLOB' does not exist.
 ij> select * from testoperatornclob where colone != 10;
-ERROR 42X05: Table 'TESTOPERATORNCLOB' does not exist.
+ERROR 42X05: Table/View 'TESTOPERATORNCLOB' does not exist.
 ij> select * from testoperatornclob where colone <= 70;
-ERROR 42X05: Table 'TESTOPERATORNCLOB' does not exist.
+ERROR 42X05: Table/View 'TESTOPERATORNCLOB' does not exist.
 ij> select * from testoperatornclob where colone >= 10;
-ERROR 42X05: Table 'TESTOPERATORNCLOB' does not exist.
+ERROR 42X05: Table/View 'TESTOPERATORNCLOB' does not exist.
 ij> select * from testoperatornclob where colone <> 10;
-ERROR 42X05: Table 'TESTOPERATORNCLOB' does not exist.
+ERROR 42X05: Table/View 'TESTOPERATORNCLOB' does not exist.
 ij> select * from testoperatornclob where colone > '10';
-ERROR 42X05: Table 'TESTOPERATORNCLOB' does not exist.
+ERROR 42X05: Table/View 'TESTOPERATORNCLOB' does not exist.
 ij> select * from testoperatornclob where colone > '5';
-ERROR 42X05: Table 'TESTOPERATORNCLOB' does not exist.
+ERROR 42X05: Table/View 'TESTOPERATORNCLOB' does not exist.
 ij> select * from testoperatornclob where colone < '70';
-ERROR 42X05: Table 'TESTOPERATORNCLOB' does not exist.
+ERROR 42X05: Table/View 'TESTOPERATORNCLOB' does not exist.
 ij> select * from testoperatornclob where colone = '50';
-ERROR 42X05: Table 'TESTOPERATORNCLOB' does not exist.
+ERROR 42X05: Table/View 'TESTOPERATORNCLOB' does not exist.
 ij> select * from testoperatornclob where colone != '10';
-ERROR 42X05: Table 'TESTOPERATORNCLOB' does not exist.
+ERROR 42X05: Table/View 'TESTOPERATORNCLOB' does not exist.
 ij> select * from testoperatornclob where colone <= '70';
-ERROR 42X05: Table 'TESTOPERATORNCLOB' does not exist.
+ERROR 42X05: Table/View 'TESTOPERATORNCLOB' does not exist.
 ij> select * from testoperatornclob where colone >= '10';
-ERROR 42X05: Table 'TESTOPERATORNCLOB' does not exist.
+ERROR 42X05: Table/View 'TESTOPERATORNCLOB' does not exist.
 ij> select * from testoperatornclob where colone <> '10';
-ERROR 42X05: Table 'TESTOPERATORNCLOB' does not exist.
+ERROR 42X05: Table/View 'TESTOPERATORNCLOB' does not exist.
 ij> drop table testoperatornclob;
 ERROR 42Y55: 'DROP TABLE' cannot be performed on 'TESTOPERATORNCLOB' because it does not exist.
 ij> ----- test method invocations on LOB objects (should disallow)
diff --git a/java/testing/org/apache/derbyTesting/functionTests/master/LOBDB2compatibility.out b/java/testing/org/apache/derbyTesting/functionTests/master/LOBDB2compatibility.out
index 7a9b82449..8f3a6f6d4 100644
--- a/java/testing/org/apache/derbyTesting/functionTests/master/LOBDB2compatibility.out
+++ b/java/testing/org/apache/derbyTesting/functionTests/master/LOBDB2compatibility.out
@@ -81,7 +81,7 @@ CLOB
 2                                                                                                                               
 2                                                                                                                               
 ij> select nclob from n;
-ERROR 42X05: Table 'N' does not exist.
+ERROR 42X05: Table/View 'N' does not exist.
 ij> -- comparsion using tables
 select * from b as b1, b as b2 where b1.blob=b2.blob;
 ERROR 42818: Comparisons between 'BLOB' and 'BLOB' are not supported.
@@ -100,7 +100,7 @@ ERROR 42818: Comparisons between 'CHAR () FOR BIT DATA' and 'BLOB' are not suppo
 ij> select c.clob from c where c.clob = '2';
 ERROR 42818: Comparisons between 'CLOB' and 'CHAR' are not supported.
 ij> select n.nclob from n where n.nclob = '3';
-ERROR 42X05: Table 'N' does not exist.
+ERROR 42X05: Table/View 'N' does not exist.
 ij> -- ORDER tests on LOB types (not allowed)
 select c11 from t1 where cast(x'1111' as blob(5))=cast(x'1111' as blob(5));
 ERROR 42818: Comparisons between 'BLOB' and 'BLOB' are not supported.
diff --git a/java/testing/org/apache/derbyTesting/functionTests/master/altertable.out b/java/testing/org/apache/derbyTesting/functionTests/master/altertable.out
index e3ab520f4..d8199bdc0 100644
--- a/java/testing/org/apache/derbyTesting/functionTests/master/altertable.out
+++ b/java/testing/org/apache/derbyTesting/functionTests/master/altertable.out
@@ -266,7 +266,7 @@ ij> -- vw1 should be dropped
 drop view vw1;
 0 rows inserted/updated/deleted
 ij> select * from vw1;
-ERROR 42X05: Table 'VW1' does not exist.
+ERROR 42X05: Table/View 'VW1' does not exist.
 ij> -- do the indexes still exist?
 -- the create index statements should fail
 create index i13 on tab1 (c3, c1, c4);
diff --git a/java/testing/org/apache/derbyTesting/functionTests/master/checkConstraint.out b/java/testing/org/apache/derbyTesting/functionTests/master/checkConstraint.out
index 3f417b261..926ac3091 100644
--- a/java/testing/org/apache/derbyTesting/functionTests/master/checkConstraint.out
+++ b/java/testing/org/apache/derbyTesting/functionTests/master/checkConstraint.out
@@ -251,17 +251,17 @@ ij> -- beetle 5805 - support built-in function INT
 create table intTab (c1 int check(INT(1) = c1));
 ERROR 42X01: Syntax error: Encountered "INT" at line 3, column 35.
 ij> insert into intTab values 1;
-ERROR 42X05: Table 'INTTAB' does not exist.
+ERROR 42X05: Table/View 'INTTAB' does not exist.
 ij> -- this insert should fail, does not satisfy check constraint
 insert into intTab values 2;
-ERROR 42X05: Table 'INTTAB' does not exist.
+ERROR 42X05: Table/View 'INTTAB' does not exist.
 ij> create table maxIntTab (c1 int check(INT(2147483647) > c1));
 ERROR 42X01: Syntax error: Encountered "INT" at line 1, column 38.
 ij> insert into maxIntTab values 1;
-ERROR 42X05: Table 'MAXINTTAB' does not exist.
+ERROR 42X05: Table/View 'MAXINTTAB' does not exist.
 ij> -- this insert should fail, does not satisfy check constraint
 insert into maxIntTab values 2147483647;
-ERROR 42X05: Table 'MAXINTTAB' does not exist.
+ERROR 42X05: Table/View 'MAXINTTAB' does not exist.
 ij> rollback;
 ij> -- verify that inserts, updates and statements with forced constraints are
 -- indeed dependent on the constraints
diff --git a/java/testing/org/apache/derbyTesting/functionTests/master/csPrepStmt.out b/java/testing/org/apache/derbyTesting/functionTests/master/csPrepStmt.out
index 821e8135a..d549956af 100644
--- a/java/testing/org/apache/derbyTesting/functionTests/master/csPrepStmt.out
+++ b/java/testing/org/apache/derbyTesting/functionTests/master/csPrepStmt.out
@@ -53,7 +53,7 @@ insertTab ( bigtab,0)
 SQLState: 42X01 message: Syntax error: Encountered "<EOF>" at line 1, column 32.
 Expected Table does not exist 
 insertTab ( wrongtab,1000)
-SQLState: 42X05 message: Table 'WRONGTAB' does not exist.
+SQLState: 42X05 message: Table/View 'WRONGTAB' does not exist.
 Minimum BigDecimal Value: 0.000000000000001
 Prepared Statement String: update Numeric_Tab set NULL_VAL=?
 Select NULL_VAL from Numeric_Tab
diff --git a/java/testing/org/apache/derbyTesting/functionTests/master/dblook_test.out b/java/testing/org/apache/derbyTesting/functionTests/master/dblook_test.out
index 2368a1998..779af9c92 100644
--- a/java/testing/org/apache/derbyTesting/functionTests/master/dblook_test.out
+++ b/java/testing/org/apache/derbyTesting/functionTests/master/dblook_test.out
@@ -4733,7 +4733,7 @@ File dblook.log was empty.
 Creating database 'wombat_new' from ddl script 'wombat.sql'
 FAILED: to execute cmd from DDL script:
 create view v1 (dum, dee, dokie) as select a.d, a.c, b.p1 from t1 as a, bar.t3 as b
-Table 'BAR.T3' does not exist.
+Table/View 'BAR.T3' does not exist.
 Dumping system tables for 'wombat_new'
 ----------------=================---------------
 System Tables for: wombat_new
diff --git a/java/testing/org/apache/derbyTesting/functionTests/master/declareGlobalTempTableJava.out b/java/testing/org/apache/derbyTesting/functionTests/master/declareGlobalTempTableJava.out
index 7dee6cc06..f75f40679 100644
--- a/java/testing/org/apache/derbyTesting/functionTests/master/declareGlobalTempTableJava.out
+++ b/java/testing/org/apache/derbyTesting/functionTests/master/declareGlobalTempTableJava.out
@@ -204,7 +204,7 @@ TEST35A : Temporary table created in one connection should not be available in a
 	 1
 	 -
 	{1}
-Expected message: Table 'SESSION.T2' does not exist.
+Expected message: Table/View 'SESSION.T2' does not exist.
 TEST35A PASSED
 TEST35B : Temp table in one connection should not conflict with temp table with same name in another connection
 	 C21,C22
@@ -223,7 +223,7 @@ TEST37A : Prepared statement test - drop the temp table underneath
 	 C21,C22
 	 --- ---
 	{21,1}
-Expected message: Table 'SESSION.T2' does not exist.
+Expected message: Table/View 'SESSION.T2' does not exist.
 TEST37A PASSED
 TEST37B : Prepared statement test - drop and recreate the temp table with different definition underneath
 	 C21,C22
@@ -236,7 +236,7 @@ TEST38A : Rollback behavior - declare temp table, rollback, select should fail
 	 --- ---
 	{21,1}
 TEST38A : select should fail since temp table got dropped as part of rollback
-Expected message: Table 'SESSION.T2' does not exist.
+Expected message: Table/View 'SESSION.T2' does not exist.
 TEST38A PASSED
 TEST38B : Rollback behavior - declare temp table, commit, drop temp table, rollback, select should pass
 	 C21,C22
@@ -256,7 +256,7 @@ TEST38C : Rollback behavior
 	 --- --- ---
 	{1,1,1}
   Drop temp table t2 (with 3 columns)
-  Attempted to select from temp table t2 but it failed as expected with exception Table 'SESSION.T2' does not exist.
+  Attempted to select from temp table t2 but it failed as expected with exception Table/View 'SESSION.T2' does not exist.
   Declare temp table t2 again but this time with 2 columns
 	 C21,C22
 	 --- ---
@@ -353,7 +353,7 @@ TEST38D : Rollback behavior for tables touched with DML
 	{52,2}
 	{53,3}
   temp table t6 got dropped as part of rollback of this transaction since it was declared in this same transaction
-  Attempted to select from temp table t6 but it failed as expected with exception Table 'SESSION.T6' does not exist.
+  Attempted to select from temp table t6 but it failed as expected with exception Table/View 'SESSION.T6' does not exist.
 TEST38D PASSED
 TEST39A : Verify that there is no entry in system catalogs for temporary tables
  Declare a temp table T2 and check system catalogs. Shouldn't find anything. Then drop the temp table
diff --git a/java/testing/org/apache/derbyTesting/functionTests/master/declareGlobalTempTableJavaJDBC30.out b/java/testing/org/apache/derbyTesting/functionTests/master/declareGlobalTempTableJavaJDBC30.out
index 2bd72632b..58cb1c40d 100644
--- a/java/testing/org/apache/derbyTesting/functionTests/master/declareGlobalTempTableJavaJDBC30.out
+++ b/java/testing/org/apache/derbyTesting/functionTests/master/declareGlobalTempTableJavaJDBC30.out
@@ -70,11 +70,11 @@ TEST3A : Savepoint and Rollback behavior
 	 --- ---
 	{11,1}
   Create savepoint 2, drop temp table t1, rollback savepoint 2
-Expected message: Table 'SESSION.T1' does not exist.
+Expected message: Table/View 'SESSION.T1' does not exist.
   select should pass, rollback savepoint 1, select should fail
 	 C11,C12
 	 --- ---
-Expected message: Table 'SESSION.T1' does not exist.
+Expected message: Table/View 'SESSION.T1' does not exist.
 TEST3A PASSED
 TEST3B : Savepoint and Rollback behavior
  In the transaction:
@@ -87,8 +87,8 @@ TEST3B : Savepoint and Rollback behavior
 	 --- ---
   Drop temp table t2(explicit drop), rollback transaction(implicit drop of t1)
   Select from temp table t1 and t2 will fail
-Expected message: Table 'SESSION.T1' does not exist.
-Expected message: Table 'SESSION.T2' does not exist.
+Expected message: Table/View 'SESSION.T1' does not exist.
+Expected message: Table/View 'SESSION.T2' does not exist.
 TEST3B PASSED
 TEST3C : Savepoint and Rollback behavior
  In the transaction:
@@ -106,8 +106,8 @@ TEST3C : Savepoint and Rollback behavior
 	 C21,C22
 	 --- ---
   Rollback transaction and select from temp tables t1 and t2 should fail
-Expected message: Table 'SESSION.T1' does not exist.
-Expected message: Table 'SESSION.T2' does not exist.
+Expected message: Table/View 'SESSION.T1' does not exist.
+Expected message: Table/View 'SESSION.T2' does not exist.
 TEST3C PASSED
 TEST3D : Savepoint and Rollback behavior
  In the transaction:
@@ -125,7 +125,7 @@ TEST3E : Savepoint and Rollback behavior
   Create savepoint1 and declare temp table t1
   Create savepoint2 and drop temp table t1
   Rollback savepoint 1 and select from temp table t1 should fail
-Expected message: Table 'SESSION.T1' does not exist.
+Expected message: Table/View 'SESSION.T1' does not exist.
 TEST3E PASSED
 TEST3F : Savepoint and Rollback behavior
  In the transaction:
@@ -133,7 +133,7 @@ TEST3F : Savepoint and Rollback behavior
 	 C11,C12
 	 --- ---
   rollback, select on t1 should fail
-Expected message: Table 'SESSION.T1' does not exist.
+Expected message: Table/View 'SESSION.T1' does not exist.
 TEST3F PASSED
 TEST3G : Savepoint and Rollback behavior
  In the transaction:
@@ -152,14 +152,14 @@ TEST3H : Savepoint and commit behavior
 	 --- ---
  In the transaction:
   drop temp table t1 and commit, select on t1 should fail
-Expected message: Table 'SESSION.T1' does not exist.
+Expected message: Table/View 'SESSION.T1' does not exist.
 TEST3H PASSED
 TEST3I : Savepoint and Rollback behavior
  In the transaction:
   declare temp table t1 and rollback
 	 C11,C12
 	 --- ---
-Expected message: Table 'SESSION.T1' does not exist.
+Expected message: Table/View 'SESSION.T1' does not exist.
 TEST3I PASSED
 TEST3J : Savepoint and Rollback behavior
  In the transaction:
diff --git a/java/testing/org/apache/derbyTesting/functionTests/master/depend.out b/java/testing/org/apache/derbyTesting/functionTests/master/depend.out
index dbdbea9e9..0a84ad022 100644
--- a/java/testing/org/apache/derbyTesting/functionTests/master/depend.out
+++ b/java/testing/org/apache/derbyTesting/functionTests/master/depend.out
@@ -51,19 +51,19 @@ ij> drop table t;
 0 rows inserted/updated/deleted
 ij> -- these should fail, can't find table
 execute ins;
-ERROR 42X05: Table 'T' does not exist.
+ERROR 42X05: Table/View 'T' does not exist.
 ij> execute sel;
-ERROR 42X05: Table 'T' does not exist.
+ERROR 42X05: Table/View 'T' does not exist.
 ij> execute sel2;
-ERROR 42X05: Table 'T' does not exist.
+ERROR 42X05: Table/View 'T' does not exist.
 ij> execute upd;
-ERROR 42X05: Table 'T' does not exist.
+ERROR 42X05: Table/View 'T' does not exist.
 ij> execute del;
-ERROR 42X05: Table 'T' does not exist.
+ERROR 42X05: Table/View 'T' does not exist.
 ij> execute sel_s;
-ERROR 42X05: Table 'T' does not exist.
+ERROR 42X05: Table/View 'T' does not exist.
 ij> execute ins_sel;
-ERROR 42X05: Table 'T' does not exist.
+ERROR 42X05: Table/View 'T' does not exist.
 ij> create table t(i int);
 0 rows inserted/updated/deleted
 ij> -- these should recompile and work, table now found
@@ -104,17 +104,17 @@ I
 ij> rollback;
 ij> -- these should fail, the table will disappear at the rollback
 execute ins;
-ERROR 42X05: Table 'T' does not exist.
+ERROR 42X05: Table/View 'T' does not exist.
 ij> execute sel;
-ERROR 42X05: Table 'T' does not exist.
+ERROR 42X05: Table/View 'T' does not exist.
 ij> execute sel2;
-ERROR 42X05: Table 'T' does not exist.
+ERROR 42X05: Table/View 'T' does not exist.
 ij> execute sel_s;
-ERROR 42X05: Table 'S' does not exist.
+ERROR 42X05: Table/View 'S' does not exist.
 ij> execute upd;
-ERROR 42X05: Table 'T' does not exist.
+ERROR 42X05: Table/View 'T' does not exist.
 ij> execute del;
-ERROR 42X05: Table 'T' does not exist.
+ERROR 42X05: Table/View 'T' does not exist.
 ij> -- recreate t again
 create table t(i int);
 0 rows inserted/updated/deleted
@@ -136,17 +136,17 @@ drop table t;
 0 rows inserted/updated/deleted
 ij> -- verify that invalidate worked this time
 execute ins;
-ERROR 42X05: Table 'T' does not exist.
+ERROR 42X05: Table/View 'T' does not exist.
 ij> execute sel;
-ERROR 42X05: Table 'T' does not exist.
+ERROR 42X05: Table/View 'T' does not exist.
 ij> execute sel2;
-ERROR 42X05: Table 'T' does not exist.
+ERROR 42X05: Table/View 'T' does not exist.
 ij> execute upd;
-ERROR 42X05: Table 'T' does not exist.
+ERROR 42X05: Table/View 'T' does not exist.
 ij> execute del;
-ERROR 42X05: Table 'T' does not exist.
+ERROR 42X05: Table/View 'T' does not exist.
 ij> execute ins_sel;
-ERROR 42X05: Table 'S' does not exist.
+ERROR 42X05: Table/View 'S' does not exist.
 ij> -- cleanup, roll everything back to the beginning
 rollback;
 ij> -- verify that cascading invalidations work
diff --git a/java/testing/org/apache/derbyTesting/functionTests/master/dml147.out b/java/testing/org/apache/derbyTesting/functionTests/master/dml147.out
index ccebecd36..3075b3151 100644
--- a/java/testing/org/apache/derbyTesting/functionTests/master/dml147.out
+++ b/java/testing/org/apache/derbyTesting/functionTests/master/dml147.out
@@ -18,7 +18,7 @@ ij> -- RERUN if USER value does not match preceding AUTHORIZATION comment
 ij> -- PASS:0840 If table is created?
    ROLLBACK WORK;
 ij> INSERT INTO NOT_THERE VALUES ('1234567890');
-ERROR 42X05: Table 'NOT_THERE' does not exist.
+ERROR 42X05: Table/View 'NOT_THERE' does not exist.
 ij> -- PASS:0840 If ERROR, syntax error/access violation, 0 rows selected?
    ROLLBACK WORK;
 ij> CREATE VIEW NOT_HERE AS
@@ -27,7 +27,7 @@ ij> CREATE VIEW NOT_HERE AS
 ij> -- PASS:0840 If view is created?
    ROLLBACK WORK;
 ij> SELECT COUNT (*) FROM NOT_HERE;
-ERROR 42X05: Table 'NOT_HERE' does not exist.
+ERROR 42X05: Table/View 'NOT_HERE' does not exist.
 ij> -- PASS:0840 If ERROR, syntax error/access violation, 0 rows selected?
    ROLLBACK WORK;
 ij> ALTER TABLE USIG
diff --git a/java/testing/org/apache/derbyTesting/functionTests/master/dml149.out b/java/testing/org/apache/derbyTesting/functionTests/master/dml149.out
index cc14cf9f9..08f8bb067 100644
--- a/java/testing/org/apache/derbyTesting/functionTests/master/dml149.out
+++ b/java/testing/org/apache/derbyTesting/functionTests/master/dml149.out
@@ -83,7 +83,7 @@ ij> -- PASS:0846 If count = 0?
    INSERT INTO NO_DUCK
 --O  SELECT 22.22, CAST (C1 AS FLOAT), 0, C1 FROM HU.ECCO;
   SELECT 22.22, CAST (C1 AS FLOAT), 0, C1 FROM ECCO;
-ERROR 42X05: Table 'ECCO' does not exist.
+ERROR 42X05: Table/View 'ECCO' does not exist.
 ij> -- PASS:0846 If ERROR, invalid character value for cast, 0 rows inserted?
    INSERT INTO NO_DUCK
   SELECT 22.22, 2.222E1, CAST (C1 AS INT), 'QUACK!' FROM HU.ECCO;
diff --git a/java/testing/org/apache/derbyTesting/functionTests/master/dropTable.out b/java/testing/org/apache/derbyTesting/functionTests/master/dropTable.out
index 198cd294a..031b6745d 100644
--- a/java/testing/org/apache/derbyTesting/functionTests/master/dropTable.out
+++ b/java/testing/org/apache/derbyTesting/functionTests/master/dropTable.out
@@ -10,21 +10,21 @@ ij> drop table t1;
 0 rows inserted/updated/deleted
 ij> -- t1 shouldn't be found
 select * from t1;
-ERROR 42X05: Table 'T1' does not exist.
+ERROR 42X05: Table/View 'T1' does not exist.
 ij> create table t1 (a int);
 0 rows inserted/updated/deleted
 ij> drop table t1;
 0 rows inserted/updated/deleted
 ij> -- t1 shouldn't be found
 select * from t1;
-ERROR 42X05: Table 'T1' does not exist.
+ERROR 42X05: Table/View 'T1' does not exist.
 ij> create table t1 (a int);
 0 rows inserted/updated/deleted
 ij> drop table t1;
 0 rows inserted/updated/deleted
 ij> -- t1 shouldn't be found
 select * from t1;
-ERROR 42X05: Table 'T1' does not exist.
+ERROR 42X05: Table/View 'T1' does not exist.
 ij> --
 -- test table with unique constraint - all should work
 --
@@ -34,21 +34,21 @@ ij> drop table t1;
 0 rows inserted/updated/deleted
 ij> -- t1 shouldn't be found
 select * from t1;
-ERROR 42X05: Table 'T1' does not exist.
+ERROR 42X05: Table/View 'T1' does not exist.
 ij> create table t1 (a int not null unique);
 0 rows inserted/updated/deleted
 ij> drop table t1;
 0 rows inserted/updated/deleted
 ij> -- t1 shouldn't be found
 select * from t1;
-ERROR 42X05: Table 'T1' does not exist.
+ERROR 42X05: Table/View 'T1' does not exist.
 ij> create table t1 (a int not null unique);
 0 rows inserted/updated/deleted
 ij> drop table t1;
 0 rows inserted/updated/deleted
 ij> -- t1 shouldn't be found
 select * from t1;
-ERROR 42X05: Table 'T1' does not exist.
+ERROR 42X05: Table/View 'T1' does not exist.
 ij> --
 -- test table with primary constraint - all should work
 --
@@ -58,21 +58,21 @@ ij> drop table t1;
 0 rows inserted/updated/deleted
 ij> -- t1 shouldn't be found
 select * from t1;
-ERROR 42X05: Table 'T1' does not exist.
+ERROR 42X05: Table/View 'T1' does not exist.
 ij> create table t1 ( a int not null primary key);
 0 rows inserted/updated/deleted
 ij> drop table t1;
 0 rows inserted/updated/deleted
 ij> -- t1 shouldn't be found
 select * from t1;
-ERROR 42X05: Table 'T1' does not exist.
+ERROR 42X05: Table/View 'T1' does not exist.
 ij> create table t1 ( a int not null primary key);
 0 rows inserted/updated/deleted
 ij> drop table t1;
 0 rows inserted/updated/deleted
 ij> -- t1 shouldn't be found
 select * from t1;
-ERROR 42X05: Table 'T1' does not exist.
+ERROR 42X05: Table/View 'T1' does not exist.
 ij> --
 -- test table with check constraint - all should work
 --
@@ -82,21 +82,21 @@ ij> drop table t1;
 0 rows inserted/updated/deleted
 ij> -- t1 shouldn't be found
 select * from t1;
-ERROR 42X05: Table 'T1' does not exist.
+ERROR 42X05: Table/View 'T1' does not exist.
 ij> create table t1 ( a int check(a > 0));
 0 rows inserted/updated/deleted
 ij> drop table t1;
 0 rows inserted/updated/deleted
 ij> -- t1 shouldn't be found
 select * from t1;
-ERROR 42X05: Table 'T1' does not exist.
+ERROR 42X05: Table/View 'T1' does not exist.
 ij> create table t1 ( a int check(a > 0));
 0 rows inserted/updated/deleted
 ij> drop table t1;
 0 rows inserted/updated/deleted
 ij> -- t1 shouldn't be found
 select * from t1;
-ERROR 42X05: Table 'T1' does not exist.
+ERROR 42X05: Table/View 'T1' does not exist.
 ij> --
 -- test table with index - all should work
 --
@@ -108,7 +108,7 @@ ij> drop table t1;
 0 rows inserted/updated/deleted
 ij> -- t1 shouldn't be found
 select * from t1;
-ERROR 42X05: Table 'T1' does not exist.
+ERROR 42X05: Table/View 'T1' does not exist.
 ij> create table t1 (a int);
 0 rows inserted/updated/deleted
 ij> create index t1index on t1(a);
@@ -117,7 +117,7 @@ ij> drop table t1;
 0 rows inserted/updated/deleted
 ij> -- t1 shouldn't be found
 select * from t1;
-ERROR 42X05: Table 'T1' does not exist.
+ERROR 42X05: Table/View 'T1' does not exist.
 ij> create table t1 (a int);
 0 rows inserted/updated/deleted
 ij> create index t1index on t1(a);
@@ -126,7 +126,7 @@ ij> drop table t1;
 0 rows inserted/updated/deleted
 ij> -- t1 shouldn't be found
 select * from t1;
-ERROR 42X05: Table 'T1' does not exist.
+ERROR 42X05: Table/View 'T1' does not exist.
 ij> --
 -- test table with foreign key references;
 --
@@ -148,7 +148,7 @@ drop table t1;
 0 rows inserted/updated/deleted
 ij> -- t1 shouldn't be found
 select * from t1;
-ERROR 42X05: Table 'T1' does not exist.
+ERROR 42X05: Table/View 'T1' does not exist.
 ij> -- the following should work since no referential constraint is left
 insert into t2 values(1);
 1 row inserted/updated/deleted
@@ -201,15 +201,15 @@ drop table t1;
 0 rows inserted/updated/deleted
 ij> -- this shouldn't find the view
 select * from vt1a;
-ERROR 42X05: Table 'VT1A' does not exist.
+ERROR 42X05: Table/View 'VT1A' does not exist.
 ij> select * from vt1b;
-ERROR 42X05: Table 'VT1B' does not exist.
+ERROR 42X05: Table/View 'VT1B' does not exist.
 ij> select * from vt1t2;
-ERROR 42X05: Table 'VT1T2' does not exist.
+ERROR 42X05: Table/View 'VT1T2' does not exist.
 ij> select * from vvt1a;
-ERROR 42X05: Table 'VVT1A' does not exist.
+ERROR 42X05: Table/View 'VVT1A' does not exist.
 ij> select * from vvvt1a;
-ERROR 42X05: Table 'VVVT1A' does not exist.
+ERROR 42X05: Table/View 'VVVT1A' does not exist.
 ij> drop table t2;
 0 rows inserted/updated/deleted
 ij> --
@@ -222,7 +222,7 @@ ij> -- this should work, statement will be invalidated and will fail when recomp
 drop table t1;
 0 rows inserted/updated/deleted
 ij> execute t1stmt;
-ERROR 42X05: Table 'T1' does not exist.
+ERROR 42X05: Table/View 'T1' does not exist.
 ij> remove t1stmt;
 ij> create table t1(a int);
 0 rows inserted/updated/deleted
@@ -231,7 +231,7 @@ ij> -- this should work, statement will be invalidated and will fail when recomp
 drop table t1;
 0 rows inserted/updated/deleted
 ij> execute t1stmt;
-ERROR 42X05: Table 'T1' does not exist.
+ERROR 42X05: Table/View 'T1' does not exist.
 ij> remove t1stmt;
 ij> create table t1(a int);
 0 rows inserted/updated/deleted
@@ -240,7 +240,7 @@ ij> -- this should work, statement will be invalidated and will fail when recomp
 drop table t1;
 0 rows inserted/updated/deleted
 ij> execute t1stmt;
-ERROR 42X05: Table 'T1' does not exist.
+ERROR 42X05: Table/View 'T1' does not exist.
 ij> remove t1stmt;
 ij> --
 -- test table with triggers
@@ -256,7 +256,7 @@ drop table t1;
 0 rows inserted/updated/deleted
 ij> -- t1 shouldn't be found
 select * from t1;
-ERROR 42X05: Table 'T1' does not exist.
+ERROR 42X05: Table/View 'T1' does not exist.
 ij> create table t1(a int);
 0 rows inserted/updated/deleted
 ij> create trigger t1trig after insert on t1 for each row mode db2sql insert into t2 values(1);
@@ -266,7 +266,7 @@ drop table t1;
 0 rows inserted/updated/deleted
 ij> -- t1 shouldn't be found
 select * from t1;
-ERROR 42X05: Table 'T1' does not exist.
+ERROR 42X05: Table/View 'T1' does not exist.
 ij> create table t1(a int);
 0 rows inserted/updated/deleted
 ij> create trigger t1trig after insert on t1 for each row mode db2sql insert into t2 values(1);
@@ -276,7 +276,7 @@ drop table t1;
 0 rows inserted/updated/deleted
 ij> -- t1 shouldn't be found
 select * from t1;
-ERROR 42X05: Table 'T1' does not exist.
+ERROR 42X05: Table/View 'T1' does not exist.
 ij> drop table t2;
 0 rows inserted/updated/deleted
 ij> --
@@ -293,7 +293,7 @@ drop table t1;
 0 rows inserted/updated/deleted
 ij> -- the following should get an error when trying to recompile the trigger action
 insert into t2 values(1);
-ERROR 42X05: Table 'T1' does not exist.
+ERROR 42X05: Table/View 'T1' does not exist.
 ij> drop table t2;
 0 rows inserted/updated/deleted
 ij> create table t1(a int);
@@ -307,7 +307,7 @@ drop table t1;
 0 rows inserted/updated/deleted
 ij> -- the following should get an error when trying to recompile the trigger action
 insert into t2 values(1);
-ERROR 42X05: Table 'T1' does not exist.
+ERROR 42X05: Table/View 'T1' does not exist.
 ij> drop table t2;
 0 rows inserted/updated/deleted
 ij> create table t1(a int);
@@ -321,7 +321,7 @@ drop table t1;
 0 rows inserted/updated/deleted
 ij> -- the following should get an error when trying to recompile the trigger action
 insert into t2 values(1);
-ERROR 42X05: Table 'T1' does not exist.
+ERROR 42X05: Table/View 'T1' does not exist.
 ij> drop table t2;
 0 rows inserted/updated/deleted
 ij> --
diff --git a/java/testing/org/apache/derbyTesting/functionTests/master/ejbql.out b/java/testing/org/apache/derbyTesting/functionTests/master/ejbql.out
index 643626b4b..76000e6ac 100644
--- a/java/testing/org/apache/derbyTesting/functionTests/master/ejbql.out
+++ b/java/testing/org/apache/derbyTesting/functionTests/master/ejbql.out
@@ -2388,189 +2388,189 @@ ij> -- =========================================================================
 create table mynChar( a nchar(10), b nchar(20), c int );
 ERROR 0A000: Feature not implemented: NATIONAL CHAR.
 ij> insert into mynChar values( '1234567890', 'abcde1234567890fghij' );
-ERROR 42X05: Table 'MYNCHAR' does not exist.
+ERROR 42X05: Table/View 'MYNCHAR' does not exist.
 ij> insert into mynChar values( 'abcdefghij', 'abcdefghij1234567890' );
-ERROR 42X05: Table 'MYNCHAR' does not exist.
+ERROR 42X05: Table/View 'MYNCHAR' does not exist.
 ij> insert into mynChar values( 'abcdefghij', '1234567890abcdefghij' );
-ERROR 42X05: Table 'MYNCHAR' does not exist.
+ERROR 42X05: Table/View 'MYNCHAR' does not exist.
 ij> insert into mynChar values( 'abcdefghij', '1234567890!@#$%^&*()' );
-ERROR 42X05: Table 'MYNCHAR' does not exist.
+ERROR 42X05: Table/View 'MYNCHAR' does not exist.
 ij> insert into mynChar values( '1234567890', 'abcde1234567890fghij', 2 );
-ERROR 42X05: Table 'MYNCHAR' does not exist.
+ERROR 42X05: Table/View 'MYNCHAR' does not exist.
 ij> insert into mynChar values( 'abcdefghij', 'abcdefghij1234567890', 1  );
-ERROR 42X05: Table 'MYNCHAR' does not exist.
+ERROR 42X05: Table/View 'MYNCHAR' does not exist.
 ij> insert into mynChar values( 'abcdefghij', '1234567890abcdefghij', 15 );
-ERROR 42X05: Table 'MYNCHAR' does not exist.
+ERROR 42X05: Table/View 'MYNCHAR' does not exist.
 ij> insert into mynChar (c) values( 0 );
-ERROR 42X05: Table 'MYNCHAR' does not exist.
+ERROR 42X05: Table/View 'MYNCHAR' does not exist.
 ij> insert into mynChar (c) values( 1 );
-ERROR 42X05: Table 'MYNCHAR' does not exist.
+ERROR 42X05: Table/View 'MYNCHAR' does not exist.
 ij> insert into mynChar (c) values( 2 );
-ERROR 42X05: Table 'MYNCHAR' does not exist.
+ERROR 42X05: Table/View 'MYNCHAR' does not exist.
 ij> insert into mynChar (a) values( 'hello' );
-ERROR 42X05: Table 'MYNCHAR' does not exist.
+ERROR 42X05: Table/View 'MYNCHAR' does not exist.
 ij> insert into mynChar (b) values( 'hello' );
-ERROR 42X05: Table 'MYNCHAR' does not exist.
+ERROR 42X05: Table/View 'MYNCHAR' does not exist.
 ij> insert into mynChar values( 'abcdefghij', '1234567890!@#$%^&*()', 21 );
-ERROR 42X05: Table 'MYNCHAR' does not exist.
+ERROR 42X05: Table/View 'MYNCHAR' does not exist.
 ij> select a, b, c from mynChar;
-ERROR 42X05: Table 'MYNCHAR' does not exist.
+ERROR 42X05: Table/View 'MYNCHAR' does not exist.
 ij> select locate(a, b) from mynChar;
-ERROR 42X05: Table 'MYNCHAR' does not exist.
+ERROR 42X05: Table/View 'MYNCHAR' does not exist.
 ij> select locate(a, b, c) from mynChar;
-ERROR 42X05: Table 'MYNCHAR' does not exist.
+ERROR 42X05: Table/View 'MYNCHAR' does not exist.
 ij> drop table mynChar;
 ERROR 42Y55: 'DROP TABLE' cannot be performed on 'MYNCHAR' because it does not exist.
 ij> create table myLongnVarChar( a long nvarchar, b long nvarchar, c int );
 ERROR 0A000: Feature not implemented: LONG NVARCHAR.
 ij> insert into myLongnVarChar values( '1234567890', 'abcde1234567890fghij' );
-ERROR 42X05: Table 'MYLONGNVARCHAR' does not exist.
+ERROR 42X05: Table/View 'MYLONGNVARCHAR' does not exist.
 ij> insert into myLongnVarChar values( 'abcdefghij', 'abcdefghij1234567890' );
-ERROR 42X05: Table 'MYLONGNVARCHAR' does not exist.
+ERROR 42X05: Table/View 'MYLONGNVARCHAR' does not exist.
 ij> insert into myLongnVarChar values( 'abcdefghij', '1234567890abcdefghij' );
-ERROR 42X05: Table 'MYLONGNVARCHAR' does not exist.
+ERROR 42X05: Table/View 'MYLONGNVARCHAR' does not exist.
 ij> insert into myLongnVarChar values( 'abcdefghij', '1234567890!@#$%^&*()' );
-ERROR 42X05: Table 'MYLONGNVARCHAR' does not exist.
+ERROR 42X05: Table/View 'MYLONGNVARCHAR' does not exist.
 ij> insert into myLongnVarChar values( 'abcde', 'abcde' );
-ERROR 42X05: Table 'MYLONGNVARCHAR' does not exist.
+ERROR 42X05: Table/View 'MYLONGNVARCHAR' does not exist.
 ij> insert into myLongnVarChar values( 'abcde', 'abcd' );
-ERROR 42X05: Table 'MYLONGNVARCHAR' does not exist.
+ERROR 42X05: Table/View 'MYLONGNVARCHAR' does not exist.
 ij> insert into myLongnVarChar values( '', 'abcde' );
-ERROR 42X05: Table 'MYLONGNVARCHAR' does not exist.
+ERROR 42X05: Table/View 'MYLONGNVARCHAR' does not exist.
 ij> insert into myLongnVarChar values( 'abcde', null );
-ERROR 42X05: Table 'MYLONGNVARCHAR' does not exist.
+ERROR 42X05: Table/View 'MYLONGNVARCHAR' does not exist.
 ij> insert into myLongnVarChar values( null, 'abcde' );
-ERROR 42X05: Table 'MYLONGNVARCHAR' does not exist.
+ERROR 42X05: Table/View 'MYLONGNVARCHAR' does not exist.
 ij> insert into myLongnVarChar values( '1234567890', 'abcde1234567890fghij', 2 );
-ERROR 42X05: Table 'MYLONGNVARCHAR' does not exist.
+ERROR 42X05: Table/View 'MYLONGNVARCHAR' does not exist.
 ij> insert into myLongnVarChar values( 'abcdefghij', 'abcdefghij1234567890', 1 );
-ERROR 42X05: Table 'MYLONGNVARCHAR' does not exist.
+ERROR 42X05: Table/View 'MYLONGNVARCHAR' does not exist.
 ij> insert into myLongnVarChar values( 'abcdefghij', '1234567890abcdefghij', 15 );
-ERROR 42X05: Table 'MYLONGNVARCHAR' does not exist.
+ERROR 42X05: Table/View 'MYLONGNVARCHAR' does not exist.
 ij> insert into myLongnVarChar values( 'abcde', 'abcde', 1 );
-ERROR 42X05: Table 'MYLONGNVARCHAR' does not exist.
+ERROR 42X05: Table/View 'MYLONGNVARCHAR' does not exist.
 ij> insert into myLongnVarChar values( 'abcde', 'abcd', 1 );
-ERROR 42X05: Table 'MYLONGNVARCHAR' does not exist.
+ERROR 42X05: Table/View 'MYLONGNVARCHAR' does not exist.
 ij> insert into myLongnVarChar values( '', 'abcde', 2 );
-ERROR 42X05: Table 'MYLONGNVARCHAR' does not exist.
+ERROR 42X05: Table/View 'MYLONGNVARCHAR' does not exist.
 ij> insert into myLongnVarChar values( 'abcde', null, 1  );
-ERROR 42X05: Table 'MYLONGNVARCHAR' does not exist.
+ERROR 42X05: Table/View 'MYLONGNVARCHAR' does not exist.
 ij> insert into myLongnVarChar values( null, 'abcde', 1 );
-ERROR 42X05: Table 'MYLONGNVARCHAR' does not exist.
+ERROR 42X05: Table/View 'MYLONGNVARCHAR' does not exist.
 ij> insert into myLongnVarChar (c) values( 0 );
-ERROR 42X05: Table 'MYLONGNVARCHAR' does not exist.
+ERROR 42X05: Table/View 'MYLONGNVARCHAR' does not exist.
 ij> insert into myLongnVarChar (c) values( 1 );
-ERROR 42X05: Table 'MYLONGNVARCHAR' does not exist.
+ERROR 42X05: Table/View 'MYLONGNVARCHAR' does not exist.
 ij> insert into myLongnVarChar (c) values( 2 );
-ERROR 42X05: Table 'MYLONGNVARCHAR' does not exist.
+ERROR 42X05: Table/View 'MYLONGNVARCHAR' does not exist.
 ij> insert into myLongnVarChar (a) values( 'hello' );
-ERROR 42X05: Table 'MYLONGNVARCHAR' does not exist.
+ERROR 42X05: Table/View 'MYLONGNVARCHAR' does not exist.
 ij> insert into myLongnVarChar (b) values( 'hello' );
-ERROR 42X05: Table 'MYLONGNVARCHAR' does not exist.
+ERROR 42X05: Table/View 'MYLONGNVARCHAR' does not exist.
 ij> insert into myLongnVarChar values( 'abcdefghij', '1234567890!@#$%^&*()', 21 );
-ERROR 42X05: Table 'MYLONGNVARCHAR' does not exist.
+ERROR 42X05: Table/View 'MYLONGNVARCHAR' does not exist.
 ij> select a, b, c from myLongnVarChar;
-ERROR 42X05: Table 'MYLONGNVARCHAR' does not exist.
+ERROR 42X05: Table/View 'MYLONGNVARCHAR' does not exist.
 ij> select locate(a, b) from myLongnVarChar;
-ERROR 42X05: Table 'MYLONGNVARCHAR' does not exist.
+ERROR 42X05: Table/View 'MYLONGNVARCHAR' does not exist.
 ij> select locate(a, b, c) from myLongnVarChar;
-ERROR 42X05: Table 'MYLONGNVARCHAR' does not exist.
+ERROR 42X05: Table/View 'MYLONGNVARCHAR' does not exist.
 ij> drop table myLongnVarChar;
 ERROR 42Y55: 'DROP TABLE' cannot be performed on 'MYLONGNVARCHAR' because it does not exist.
 ij> create table mynVarChar( a nvarchar(10), b nvarchar(20), c int );
 ERROR 0A000: Feature not implemented: NATIONAL CHAR VARYING.
 ij> insert into mynVarChar values( '1234567890', 'abcde1234567890fghij' );
-ERROR 42X05: Table 'MYNVARCHAR' does not exist.
+ERROR 42X05: Table/View 'MYNVARCHAR' does not exist.
 ij> insert into mynVarChar values( 'abcdefghij', 'abcdefghij1234567890' );
-ERROR 42X05: Table 'MYNVARCHAR' does not exist.
+ERROR 42X05: Table/View 'MYNVARCHAR' does not exist.
 ij> insert into mynVarChar values( 'abcdefghij', '1234567890abcdefghij' );
-ERROR 42X05: Table 'MYNVARCHAR' does not exist.
+ERROR 42X05: Table/View 'MYNVARCHAR' does not exist.
 ij> insert into mynVarChar values( 'abcdefghij', '1234567890!@#$%^&*()' );
-ERROR 42X05: Table 'MYNVARCHAR' does not exist.
+ERROR 42X05: Table/View 'MYNVARCHAR' does not exist.
 ij> insert into mynVarChar values( 'abcde', 'abcde' );
-ERROR 42X05: Table 'MYNVARCHAR' does not exist.
+ERROR 42X05: Table/View 'MYNVARCHAR' does not exist.
 ij> insert into mynVarChar values( 'abcde', 'abcd' );
-ERROR 42X05: Table 'MYNVARCHAR' does not exist.
+ERROR 42X05: Table/View 'MYNVARCHAR' does not exist.
 ij> insert into mynVarChar values( '', 'abcde' );
-ERROR 42X05: Table 'MYNVARCHAR' does not exist.
+ERROR 42X05: Table/View 'MYNVARCHAR' does not exist.
 ij> insert into mynVarChar values( 'abcde', null );
-ERROR 42X05: Table 'MYNVARCHAR' does not exist.
+ERROR 42X05: Table/View 'MYNVARCHAR' does not exist.
 ij> insert into mynVarChar values( null, 'abcde' );
-ERROR 42X05: Table 'MYNVARCHAR' does not exist.
+ERROR 42X05: Table/View 'MYNVARCHAR' does not exist.
 ij> insert into mynVarChar values( '1234567890', 'abcde1234567890fghij', 2 );
-ERROR 42X05: Table 'MYNVARCHAR' does not exist.
+ERROR 42X05: Table/View 'MYNVARCHAR' does not exist.
 ij> insert into mynVarChar values( 'abcdefghij', 'abcdefghij1234567890', 1 );
-ERROR 42X05: Table 'MYNVARCHAR' does not exist.
+ERROR 42X05: Table/View 'MYNVARCHAR' does not exist.
 ij> insert into mynVarChar values( 'abcdefghij', '1234567890abcdefghij', 15 );
-ERROR 42X05: Table 'MYNVARCHAR' does not exist.
+ERROR 42X05: Table/View 'MYNVARCHAR' does not exist.
 ij> insert into mynVarChar values( 'abcde', 'abcde', 1 );
-ERROR 42X05: Table 'MYNVARCHAR' does not exist.
+ERROR 42X05: Table/View 'MYNVARCHAR' does not exist.
 ij> insert into mynVarChar values( 'abcde', 'abcd', 1 );
-ERROR 42X05: Table 'MYNVARCHAR' does not exist.
+ERROR 42X05: Table/View 'MYNVARCHAR' does not exist.
 ij> insert into mynVarChar values( '', 'abcde', 2 );
-ERROR 42X05: Table 'MYNVARCHAR' does not exist.
+ERROR 42X05: Table/View 'MYNVARCHAR' does not exist.
 ij> insert into mynVarChar values( 'abcde', null, 1  );
-ERROR 42X05: Table 'MYNVARCHAR' does not exist.
+ERROR 42X05: Table/View 'MYNVARCHAR' does not exist.
 ij> insert into mynVarChar values( null, 'abcde', 1 );
-ERROR 42X05: Table 'MYNVARCHAR' does not exist.
+ERROR 42X05: Table/View 'MYNVARCHAR' does not exist.
 ij> insert into mynVarChar (c) values( 0 );
-ERROR 42X05: Table 'MYNVARCHAR' does not exist.
+ERROR 42X05: Table/View 'MYNVARCHAR' does not exist.
 ij> insert into mynVarChar (c) values( 1 );
-ERROR 42X05: Table 'MYNVARCHAR' does not exist.
+ERROR 42X05: Table/View 'MYNVARCHAR' does not exist.
 ij> insert into mynVarChar (c) values( 2 );
-ERROR 42X05: Table 'MYNVARCHAR' does not exist.
+ERROR 42X05: Table/View 'MYNVARCHAR' does not exist.
 ij> insert into mynVarChar (a) values( 'hello' );
-ERROR 42X05: Table 'MYNVARCHAR' does not exist.
+ERROR 42X05: Table/View 'MYNVARCHAR' does not exist.
 ij> insert into mynVarChar (b) values( 'hello' );
-ERROR 42X05: Table 'MYNVARCHAR' does not exist.
+ERROR 42X05: Table/View 'MYNVARCHAR' does not exist.
 ij> insert into mynVarChar values( 'abcdefghij', '1234567890!@#$%^&*()', 21 );
-ERROR 42X05: Table 'MYNVARCHAR' does not exist.
+ERROR 42X05: Table/View 'MYNVARCHAR' does not exist.
 ij> select a, b, c from mynVarChar;
-ERROR 42X05: Table 'MYNVARCHAR' does not exist.
+ERROR 42X05: Table/View 'MYNVARCHAR' does not exist.
 ij> select locate(a, b) from mynVarChar;
-ERROR 42X05: Table 'MYNVARCHAR' does not exist.
+ERROR 42X05: Table/View 'MYNVARCHAR' does not exist.
 ij> select locate(a, b, c) from mynVarChar;
-ERROR 42X05: Table 'MYNVARCHAR' does not exist.
+ERROR 42X05: Table/View 'MYNVARCHAR' does not exist.
 ij> create table myMixed( a char(10), b long nvarchar, c int );
 ERROR 0A000: Feature not implemented: LONG NVARCHAR.
 ij> insert into myMixed values( '1234567890', 'abcde1234567890fghij' );
-ERROR 42X05: Table 'MYMIXED' does not exist.
+ERROR 42X05: Table/View 'MYMIXED' does not exist.
 ij> insert into myMixed values( 'abcdefghij', 'abcdefghij1234567890' );
-ERROR 42X05: Table 'MYMIXED' does not exist.
+ERROR 42X05: Table/View 'MYMIXED' does not exist.
 ij> insert into myMixed values( 'abcdefghij', '1234567890abcdefghij' );
-ERROR 42X05: Table 'MYMIXED' does not exist.
+ERROR 42X05: Table/View 'MYMIXED' does not exist.
 ij> insert into myMixed values( 'abcdefghij', '1234567890!@#$%^&*()' );
-ERROR 42X05: Table 'MYMIXED' does not exist.
+ERROR 42X05: Table/View 'MYMIXED' does not exist.
 ij> insert into myMixed values( '1234567890', 'abcde1234567890fghij', 2 );
-ERROR 42X05: Table 'MYMIXED' does not exist.
+ERROR 42X05: Table/View 'MYMIXED' does not exist.
 ij> insert into myMixed values( 'abcdefghij', 'abcdefghij1234567890', 1 );
-ERROR 42X05: Table 'MYMIXED' does not exist.
+ERROR 42X05: Table/View 'MYMIXED' does not exist.
 ij> insert into myMixed values( 'abcdefghij', '1234567890abcdefghij', 15 );
-ERROR 42X05: Table 'MYMIXED' does not exist.
+ERROR 42X05: Table/View 'MYMIXED' does not exist.
 ij> insert into myMixed (c) values( 0 );
-ERROR 42X05: Table 'MYMIXED' does not exist.
+ERROR 42X05: Table/View 'MYMIXED' does not exist.
 ij> insert into myMixed (c) values( 1 );
-ERROR 42X05: Table 'MYMIXED' does not exist.
+ERROR 42X05: Table/View 'MYMIXED' does not exist.
 ij> insert into myMixed (c) values( 2 );
-ERROR 42X05: Table 'MYMIXED' does not exist.
+ERROR 42X05: Table/View 'MYMIXED' does not exist.
 ij> insert into myMixed (a) values( 'hello' );
-ERROR 42X05: Table 'MYMIXED' does not exist.
+ERROR 42X05: Table/View 'MYMIXED' does not exist.
 ij> insert into myMixed (b) values( 'hello' );
-ERROR 42X05: Table 'MYMIXED' does not exist.
+ERROR 42X05: Table/View 'MYMIXED' does not exist.
 ij> insert into myMixed values( 'abcdefghij', '1234567890!@#$%^&*()', 21 );
-ERROR 42X05: Table 'MYMIXED' does not exist.
+ERROR 42X05: Table/View 'MYMIXED' does not exist.
 ij> select a, b, c from myMixed;
-ERROR 42X05: Table 'MYMIXED' does not exist.
+ERROR 42X05: Table/View 'MYMIXED' does not exist.
 ij> select locate(a, b) from myMixed;
-ERROR 42X05: Table 'MYMIXED' does not exist.
+ERROR 42X05: Table/View 'MYMIXED' does not exist.
 ij> select locate(a, b, c) from myMixed;
-ERROR 42X05: Table 'MYMIXED' does not exist.
+ERROR 42X05: Table/View 'MYMIXED' does not exist.
 ij> drop table myMixed;
 ERROR 42Y55: 'DROP TABLE' cannot be performed on 'MYMIXED' because it does not exist.
 ij> create table foo( a int );
 0 rows inserted/updated/deleted
 ij> insert into foo select locate(a, b) from mynVarChar;
-ERROR 42X05: Table 'MYNVARCHAR' does not exist.
+ERROR 42X05: Table/View 'MYNVARCHAR' does not exist.
 ij> insert into foo values( {fn locate('hello', 'hello')} );
 1 row inserted/updated/deleted
 ij> select * from foo;
diff --git a/java/testing/org/apache/derbyTesting/functionTests/master/grantRevokeDDL.out b/java/testing/org/apache/derbyTesting/functionTests/master/grantRevokeDDL.out
index a75458936..2efafd9a3 100644
--- a/java/testing/org/apache/derbyTesting/functionTests/master/grantRevokeDDL.out
+++ b/java/testing/org/apache/derbyTesting/functionTests/master/grantRevokeDDL.out
@@ -91,9 +91,9 @@ create synonym mySym for satheesh.tsat;
 0 rows inserted/updated/deleted
 ij(SATCONNECTION)> -- Expected to fail
 grant select on mySym to bar;
-ERROR 42X05: Table 'MYSYM' does not exist.
+ERROR 42X05: Table/View 'MYSYM' does not exist.
 ij(SATCONNECTION)> grant insert on mySym to foo;
-ERROR 42X05: Table 'MYSYM' does not exist.
+ERROR 42X05: Table/View 'MYSYM' does not exist.
 ij(SATCONNECTION)> CREATE FUNCTION F_ABS(P1 INT)
 RETURNS INT NO SQL
 RETURNS NULL ON NULL INPUT
diff --git a/java/testing/org/apache/derbyTesting/functionTests/master/holdCursorJavaReflection.out b/java/testing/org/apache/derbyTesting/functionTests/master/holdCursorJavaReflection.out
index 358a96d04..b67806620 100644
--- a/java/testing/org/apache/derbyTesting/functionTests/master/holdCursorJavaReflection.out
+++ b/java/testing/org/apache/derbyTesting/functionTests/master/holdCursorJavaReflection.out
@@ -14,7 +14,7 @@ After commit, look at first column's value: 1
 do next() after commit. Should be at the end of resultset
 one more next() here will give no more rows
 Holdable cursor after commit for prepared statements test over
-Expected Exception:Table 'T1NOTTHERE' does not exist.
+Expected Exception:Table/View 'T1NOTTHERE' does not exist.
 Start hold cursor for callable statements test
 do next() before commit
 look at first column's value: 1
diff --git a/java/testing/org/apache/derbyTesting/functionTests/master/iepnegativetests.out b/java/testing/org/apache/derbyTesting/functionTests/master/iepnegativetests.out
index 699c63794..a8fe5be80 100644
--- a/java/testing/org/apache/derbyTesting/functionTests/master/iepnegativetests.out
+++ b/java/testing/org/apache/derbyTesting/functionTests/master/iepnegativetests.out
@@ -13,8 +13,8 @@ ERROR XIE0I: An IOException occurred while writing data to the file.
 ij> --export table not found
 call SYSCS_UTIL.SYSCS_EXPORT_TABLE ('IEP', 'NOTABLE' , 'extinout/t1.dat' , 
                                  null, null, null) ;
-ERROR 38000: The exception 'SQL Exception: Table 'IEP.NOTABLE' does not exist.' was thrown while evaluating an expression.
-ERROR 42X05: Table 'IEP.NOTABLE' does not exist.
+ERROR 38000: The exception 'SQL Exception: Table/View 'IEP.NOTABLE' does not exist.' was thrown while evaluating an expression.
+ERROR 42X05: Table/View 'IEP.NOTABLE' does not exist.
 ij> ---export schema is not valid
 call SYSCS_UTIL.SYSCS_EXPORT_TABLE ('XXXX', 'T1' , 'extinout/t1.dat' , 
                                  null, null, null) ;
@@ -182,7 +182,7 @@ ij> call SYSCS_UTIL.SYSCS_IMPORT_TABLE ('SESSION', 'TEMP2' , 'extinout/temp1.dat
                                  null, null, null, 0) ;
 ERROR XIE0M: Table 'SESSION.TEMP2' does not exist.  
 ij> select * from session.temp2 ;
-ERROR 42X05: Table 'SESSION.TEMP2' does not exist.
+ERROR 42X05: Table/View 'SESSION.TEMP2' does not exist.
 ij> commit ;
 ij> drop table v1;
 0 rows inserted/updated/deleted
diff --git a/java/testing/org/apache/derbyTesting/functionTests/master/ieptests.out b/java/testing/org/apache/derbyTesting/functionTests/master/ieptests.out
index ea113ad98..928f83628 100644
--- a/java/testing/org/apache/derbyTesting/functionTests/master/ieptests.out
+++ b/java/testing/org/apache/derbyTesting/functionTests/master/ieptests.out
@@ -799,8 +799,8 @@ ERROR 38000: The exception 'SQL Exception: Schema 'GROUP' does not exist' was th
 ERROR 42Y07: Schema 'GROUP' does not exist
 ij> --following export should fail because table name is not matching the way it is defined in the quotes.
 call SYSCS_UTIL.SYSCS_EXPORT_TABLE ('Group', 'ORDER' , 'extinout/order.dat', null, null, null) ;
-ERROR 38000: The exception 'SQL Exception: Table 'Group.ORDER' does not exist.' was thrown while evaluating an expression.
-ERROR 42X05: Table 'Group.ORDER' does not exist.
+ERROR 38000: The exception 'SQL Exception: Table/View 'Group.ORDER' does not exist.' was thrown while evaluating an expression.
+ERROR 42X05: Table/View 'Group.ORDER' does not exist.
 ij> --following export should fail because of unquoted table name that is a reserved word.
 call SYSCS_UTIL.SYSCS_EXPORT_QUERY('select * from "Group".Order' , 'extinout/order.dat' ,    null , null , null ) ;
 ERROR 38000: The exception 'SQL Exception: Syntax error: Encountered "Order" at line 1, column 23.' was thrown while evaluating an expression.
@@ -885,8 +885,8 @@ ERROR 38000: The exception 'SQL Exception: Schema 'inventory' does not exist' wa
 ERROR 42Y07: Schema 'inventory' does not exist
 ij> --following export should fail because table name is not in upper case.
 call SYSCS_UTIL.SYSCS_EXPORT_TABLE ('INVENTORY', 'ordertable' , 'extinout/order.dat', null, null, null) ;
-ERROR 38000: The exception 'SQL Exception: Table 'INVENTORY.ordertable' does not exist.' was thrown while evaluating an expression.
-ERROR 42X05: Table 'INVENTORY.ordertable' does not exist.
+ERROR 38000: The exception 'SQL Exception: Table/View 'INVENTORY.ordertable' does not exist.' was thrown while evaluating an expression.
+ERROR 42X05: Table/View 'INVENTORY.ordertable' does not exist.
 ij> --following export should pass.
 call SYSCS_UTIL.SYSCS_EXPORT_TABLE ('INVENTORY', 'ORDERTABLE' , 'extinout/order.dat', null, null, null) ;
 0 rows inserted/updated/deleted
diff --git a/java/testing/org/apache/derbyTesting/functionTests/master/importExportThruIJ.out b/java/testing/org/apache/derbyTesting/functionTests/master/importExportThruIJ.out
index f210dc3d1..38bf62ffa 100644
--- a/java/testing/org/apache/derbyTesting/functionTests/master/importExportThruIJ.out
+++ b/java/testing/org/apache/derbyTesting/functionTests/master/importExportThruIJ.out
@@ -87,7 +87,7 @@ ERROR 42X04: Column 'COLUMN200' is either not in any table in the FROM list or a
 ij> rollback;
 ij> -- table should not be there
 select count(*) from T3;
-ERROR 42X05: Table 'T3' does not exist.
+ERROR 42X05: Table/View 'T3' does not exist.
 ij> create table T3 (	Lname	char(30),
 			Fname	char(30),
 			Account	int not null primary key,
diff --git a/java/testing/org/apache/derbyTesting/functionTests/master/j9_13/ejbql.out b/java/testing/org/apache/derbyTesting/functionTests/master/j9_13/ejbql.out
index 643626b4b..76000e6ac 100644
--- a/java/testing/org/apache/derbyTesting/functionTests/master/j9_13/ejbql.out
+++ b/java/testing/org/apache/derbyTesting/functionTests/master/j9_13/ejbql.out
@@ -2388,189 +2388,189 @@ ij> -- =========================================================================
 create table mynChar( a nchar(10), b nchar(20), c int );
 ERROR 0A000: Feature not implemented: NATIONAL CHAR.
 ij> insert into mynChar values( '1234567890', 'abcde1234567890fghij' );
-ERROR 42X05: Table 'MYNCHAR' does not exist.
+ERROR 42X05: Table/View 'MYNCHAR' does not exist.
 ij> insert into mynChar values( 'abcdefghij', 'abcdefghij1234567890' );
-ERROR 42X05: Table 'MYNCHAR' does not exist.
+ERROR 42X05: Table/View 'MYNCHAR' does not exist.
 ij> insert into mynChar values( 'abcdefghij', '1234567890abcdefghij' );
-ERROR 42X05: Table 'MYNCHAR' does not exist.
+ERROR 42X05: Table/View 'MYNCHAR' does not exist.
 ij> insert into mynChar values( 'abcdefghij', '1234567890!@#$%^&*()' );
-ERROR 42X05: Table 'MYNCHAR' does not exist.
+ERROR 42X05: Table/View 'MYNCHAR' does not exist.
 ij> insert into mynChar values( '1234567890', 'abcde1234567890fghij', 2 );
-ERROR 42X05: Table 'MYNCHAR' does not exist.
+ERROR 42X05: Table/View 'MYNCHAR' does not exist.
 ij> insert into mynChar values( 'abcdefghij', 'abcdefghij1234567890', 1  );
-ERROR 42X05: Table 'MYNCHAR' does not exist.
+ERROR 42X05: Table/View 'MYNCHAR' does not exist.
 ij> insert into mynChar values( 'abcdefghij', '1234567890abcdefghij', 15 );
-ERROR 42X05: Table 'MYNCHAR' does not exist.
+ERROR 42X05: Table/View 'MYNCHAR' does not exist.
 ij> insert into mynChar (c) values( 0 );
-ERROR 42X05: Table 'MYNCHAR' does not exist.
+ERROR 42X05: Table/View 'MYNCHAR' does not exist.
 ij> insert into mynChar (c) values( 1 );
-ERROR 42X05: Table 'MYNCHAR' does not exist.
+ERROR 42X05: Table/View 'MYNCHAR' does not exist.
 ij> insert into mynChar (c) values( 2 );
-ERROR 42X05: Table 'MYNCHAR' does not exist.
+ERROR 42X05: Table/View 'MYNCHAR' does not exist.
 ij> insert into mynChar (a) values( 'hello' );
-ERROR 42X05: Table 'MYNCHAR' does not exist.
+ERROR 42X05: Table/View 'MYNCHAR' does not exist.
 ij> insert into mynChar (b) values( 'hello' );
-ERROR 42X05: Table 'MYNCHAR' does not exist.
+ERROR 42X05: Table/View 'MYNCHAR' does not exist.
 ij> insert into mynChar values( 'abcdefghij', '1234567890!@#$%^&*()', 21 );
-ERROR 42X05: Table 'MYNCHAR' does not exist.
+ERROR 42X05: Table/View 'MYNCHAR' does not exist.
 ij> select a, b, c from mynChar;
-ERROR 42X05: Table 'MYNCHAR' does not exist.
+ERROR 42X05: Table/View 'MYNCHAR' does not exist.
 ij> select locate(a, b) from mynChar;
-ERROR 42X05: Table 'MYNCHAR' does not exist.
+ERROR 42X05: Table/View 'MYNCHAR' does not exist.
 ij> select locate(a, b, c) from mynChar;
-ERROR 42X05: Table 'MYNCHAR' does not exist.
+ERROR 42X05: Table/View 'MYNCHAR' does not exist.
 ij> drop table mynChar;
 ERROR 42Y55: 'DROP TABLE' cannot be performed on 'MYNCHAR' because it does not exist.
 ij> create table myLongnVarChar( a long nvarchar, b long nvarchar, c int );
 ERROR 0A000: Feature not implemented: LONG NVARCHAR.
 ij> insert into myLongnVarChar values( '1234567890', 'abcde1234567890fghij' );
-ERROR 42X05: Table 'MYLONGNVARCHAR' does not exist.
+ERROR 42X05: Table/View 'MYLONGNVARCHAR' does not exist.
 ij> insert into myLongnVarChar values( 'abcdefghij', 'abcdefghij1234567890' );
-ERROR 42X05: Table 'MYLONGNVARCHAR' does not exist.
+ERROR 42X05: Table/View 'MYLONGNVARCHAR' does not exist.
 ij> insert into myLongnVarChar values( 'abcdefghij', '1234567890abcdefghij' );
-ERROR 42X05: Table 'MYLONGNVARCHAR' does not exist.
+ERROR 42X05: Table/View 'MYLONGNVARCHAR' does not exist.
 ij> insert into myLongnVarChar values( 'abcdefghij', '1234567890!@#$%^&*()' );
-ERROR 42X05: Table 'MYLONGNVARCHAR' does not exist.
+ERROR 42X05: Table/View 'MYLONGNVARCHAR' does not exist.
 ij> insert into myLongnVarChar values( 'abcde', 'abcde' );
-ERROR 42X05: Table 'MYLONGNVARCHAR' does not exist.
+ERROR 42X05: Table/View 'MYLONGNVARCHAR' does not exist.
 ij> insert into myLongnVarChar values( 'abcde', 'abcd' );
-ERROR 42X05: Table 'MYLONGNVARCHAR' does not exist.
+ERROR 42X05: Table/View 'MYLONGNVARCHAR' does not exist.
 ij> insert into myLongnVarChar values( '', 'abcde' );
-ERROR 42X05: Table 'MYLONGNVARCHAR' does not exist.
+ERROR 42X05: Table/View 'MYLONGNVARCHAR' does not exist.
 ij> insert into myLongnVarChar values( 'abcde', null );
-ERROR 42X05: Table 'MYLONGNVARCHAR' does not exist.
+ERROR 42X05: Table/View 'MYLONGNVARCHAR' does not exist.
 ij> insert into myLongnVarChar values( null, 'abcde' );
-ERROR 42X05: Table 'MYLONGNVARCHAR' does not exist.
+ERROR 42X05: Table/View 'MYLONGNVARCHAR' does not exist.
 ij> insert into myLongnVarChar values( '1234567890', 'abcde1234567890fghij', 2 );
-ERROR 42X05: Table 'MYLONGNVARCHAR' does not exist.
+ERROR 42X05: Table/View 'MYLONGNVARCHAR' does not exist.
 ij> insert into myLongnVarChar values( 'abcdefghij', 'abcdefghij1234567890', 1 );
-ERROR 42X05: Table 'MYLONGNVARCHAR' does not exist.
+ERROR 42X05: Table/View 'MYLONGNVARCHAR' does not exist.
 ij> insert into myLongnVarChar values( 'abcdefghij', '1234567890abcdefghij', 15 );
-ERROR 42X05: Table 'MYLONGNVARCHAR' does not exist.
+ERROR 42X05: Table/View 'MYLONGNVARCHAR' does not exist.
 ij> insert into myLongnVarChar values( 'abcde', 'abcde', 1 );
-ERROR 42X05: Table 'MYLONGNVARCHAR' does not exist.
+ERROR 42X05: Table/View 'MYLONGNVARCHAR' does not exist.
 ij> insert into myLongnVarChar values( 'abcde', 'abcd', 1 );
-ERROR 42X05: Table 'MYLONGNVARCHAR' does not exist.
+ERROR 42X05: Table/View 'MYLONGNVARCHAR' does not exist.
 ij> insert into myLongnVarChar values( '', 'abcde', 2 );
-ERROR 42X05: Table 'MYLONGNVARCHAR' does not exist.
+ERROR 42X05: Table/View 'MYLONGNVARCHAR' does not exist.
 ij> insert into myLongnVarChar values( 'abcde', null, 1  );
-ERROR 42X05: Table 'MYLONGNVARCHAR' does not exist.
+ERROR 42X05: Table/View 'MYLONGNVARCHAR' does not exist.
 ij> insert into myLongnVarChar values( null, 'abcde', 1 );
-ERROR 42X05: Table 'MYLONGNVARCHAR' does not exist.
+ERROR 42X05: Table/View 'MYLONGNVARCHAR' does not exist.
 ij> insert into myLongnVarChar (c) values( 0 );
-ERROR 42X05: Table 'MYLONGNVARCHAR' does not exist.
+ERROR 42X05: Table/View 'MYLONGNVARCHAR' does not exist.
 ij> insert into myLongnVarChar (c) values( 1 );
-ERROR 42X05: Table 'MYLONGNVARCHAR' does not exist.
+ERROR 42X05: Table/View 'MYLONGNVARCHAR' does not exist.
 ij> insert into myLongnVarChar (c) values( 2 );
-ERROR 42X05: Table 'MYLONGNVARCHAR' does not exist.
+ERROR 42X05: Table/View 'MYLONGNVARCHAR' does not exist.
 ij> insert into myLongnVarChar (a) values( 'hello' );
-ERROR 42X05: Table 'MYLONGNVARCHAR' does not exist.
+ERROR 42X05: Table/View 'MYLONGNVARCHAR' does not exist.
 ij> insert into myLongnVarChar (b) values( 'hello' );
-ERROR 42X05: Table 'MYLONGNVARCHAR' does not exist.
+ERROR 42X05: Table/View 'MYLONGNVARCHAR' does not exist.
 ij> insert into myLongnVarChar values( 'abcdefghij', '1234567890!@#$%^&*()', 21 );
-ERROR 42X05: Table 'MYLONGNVARCHAR' does not exist.
+ERROR 42X05: Table/View 'MYLONGNVARCHAR' does not exist.
 ij> select a, b, c from myLongnVarChar;
-ERROR 42X05: Table 'MYLONGNVARCHAR' does not exist.
+ERROR 42X05: Table/View 'MYLONGNVARCHAR' does not exist.
 ij> select locate(a, b) from myLongnVarChar;
-ERROR 42X05: Table 'MYLONGNVARCHAR' does not exist.
+ERROR 42X05: Table/View 'MYLONGNVARCHAR' does not exist.
 ij> select locate(a, b, c) from myLongnVarChar;
-ERROR 42X05: Table 'MYLONGNVARCHAR' does not exist.
+ERROR 42X05: Table/View 'MYLONGNVARCHAR' does not exist.
 ij> drop table myLongnVarChar;
 ERROR 42Y55: 'DROP TABLE' cannot be performed on 'MYLONGNVARCHAR' because it does not exist.
 ij> create table mynVarChar( a nvarchar(10), b nvarchar(20), c int );
 ERROR 0A000: Feature not implemented: NATIONAL CHAR VARYING.
 ij> insert into mynVarChar values( '1234567890', 'abcde1234567890fghij' );
-ERROR 42X05: Table 'MYNVARCHAR' does not exist.
+ERROR 42X05: Table/View 'MYNVARCHAR' does not exist.
 ij> insert into mynVarChar values( 'abcdefghij', 'abcdefghij1234567890' );
-ERROR 42X05: Table 'MYNVARCHAR' does not exist.
+ERROR 42X05: Table/View 'MYNVARCHAR' does not exist.
 ij> insert into mynVarChar values( 'abcdefghij', '1234567890abcdefghij' );
-ERROR 42X05: Table 'MYNVARCHAR' does not exist.
+ERROR 42X05: Table/View 'MYNVARCHAR' does not exist.
 ij> insert into mynVarChar values( 'abcdefghij', '1234567890!@#$%^&*()' );
-ERROR 42X05: Table 'MYNVARCHAR' does not exist.
+ERROR 42X05: Table/View 'MYNVARCHAR' does not exist.
 ij> insert into mynVarChar values( 'abcde', 'abcde' );
-ERROR 42X05: Table 'MYNVARCHAR' does not exist.
+ERROR 42X05: Table/View 'MYNVARCHAR' does not exist.
 ij> insert into mynVarChar values( 'abcde', 'abcd' );
-ERROR 42X05: Table 'MYNVARCHAR' does not exist.
+ERROR 42X05: Table/View 'MYNVARCHAR' does not exist.
 ij> insert into mynVarChar values( '', 'abcde' );
-ERROR 42X05: Table 'MYNVARCHAR' does not exist.
+ERROR 42X05: Table/View 'MYNVARCHAR' does not exist.
 ij> insert into mynVarChar values( 'abcde', null );
-ERROR 42X05: Table 'MYNVARCHAR' does not exist.
+ERROR 42X05: Table/View 'MYNVARCHAR' does not exist.
 ij> insert into mynVarChar values( null, 'abcde' );
-ERROR 42X05: Table 'MYNVARCHAR' does not exist.
+ERROR 42X05: Table/View 'MYNVARCHAR' does not exist.
 ij> insert into mynVarChar values( '1234567890', 'abcde1234567890fghij', 2 );
-ERROR 42X05: Table 'MYNVARCHAR' does not exist.
+ERROR 42X05: Table/View 'MYNVARCHAR' does not exist.
 ij> insert into mynVarChar values( 'abcdefghij', 'abcdefghij1234567890', 1 );
-ERROR 42X05: Table 'MYNVARCHAR' does not exist.
+ERROR 42X05: Table/View 'MYNVARCHAR' does not exist.
 ij> insert into mynVarChar values( 'abcdefghij', '1234567890abcdefghij', 15 );
-ERROR 42X05: Table 'MYNVARCHAR' does not exist.
+ERROR 42X05: Table/View 'MYNVARCHAR' does not exist.
 ij> insert into mynVarChar values( 'abcde', 'abcde', 1 );
-ERROR 42X05: Table 'MYNVARCHAR' does not exist.
+ERROR 42X05: Table/View 'MYNVARCHAR' does not exist.
 ij> insert into mynVarChar values( 'abcde', 'abcd', 1 );
-ERROR 42X05: Table 'MYNVARCHAR' does not exist.
+ERROR 42X05: Table/View 'MYNVARCHAR' does not exist.
 ij> insert into mynVarChar values( '', 'abcde', 2 );
-ERROR 42X05: Table 'MYNVARCHAR' does not exist.
+ERROR 42X05: Table/View 'MYNVARCHAR' does not exist.
 ij> insert into mynVarChar values( 'abcde', null, 1  );
-ERROR 42X05: Table 'MYNVARCHAR' does not exist.
+ERROR 42X05: Table/View 'MYNVARCHAR' does not exist.
 ij> insert into mynVarChar values( null, 'abcde', 1 );
-ERROR 42X05: Table 'MYNVARCHAR' does not exist.
+ERROR 42X05: Table/View 'MYNVARCHAR' does not exist.
 ij> insert into mynVarChar (c) values( 0 );
-ERROR 42X05: Table 'MYNVARCHAR' does not exist.
+ERROR 42X05: Table/View 'MYNVARCHAR' does not exist.
 ij> insert into mynVarChar (c) values( 1 );
-ERROR 42X05: Table 'MYNVARCHAR' does not exist.
+ERROR 42X05: Table/View 'MYNVARCHAR' does not exist.
 ij> insert into mynVarChar (c) values( 2 );
-ERROR 42X05: Table 'MYNVARCHAR' does not exist.
+ERROR 42X05: Table/View 'MYNVARCHAR' does not exist.
 ij> insert into mynVarChar (a) values( 'hello' );
-ERROR 42X05: Table 'MYNVARCHAR' does not exist.
+ERROR 42X05: Table/View 'MYNVARCHAR' does not exist.
 ij> insert into mynVarChar (b) values( 'hello' );
-ERROR 42X05: Table 'MYNVARCHAR' does not exist.
+ERROR 42X05: Table/View 'MYNVARCHAR' does not exist.
 ij> insert into mynVarChar values( 'abcdefghij', '1234567890!@#$%^&*()', 21 );
-ERROR 42X05: Table 'MYNVARCHAR' does not exist.
+ERROR 42X05: Table/View 'MYNVARCHAR' does not exist.
 ij> select a, b, c from mynVarChar;
-ERROR 42X05: Table 'MYNVARCHAR' does not exist.
+ERROR 42X05: Table/View 'MYNVARCHAR' does not exist.
 ij> select locate(a, b) from mynVarChar;
-ERROR 42X05: Table 'MYNVARCHAR' does not exist.
+ERROR 42X05: Table/View 'MYNVARCHAR' does not exist.
 ij> select locate(a, b, c) from mynVarChar;
-ERROR 42X05: Table 'MYNVARCHAR' does not exist.
+ERROR 42X05: Table/View 'MYNVARCHAR' does not exist.
 ij> create table myMixed( a char(10), b long nvarchar, c int );
 ERROR 0A000: Feature not implemented: LONG NVARCHAR.
 ij> insert into myMixed values( '1234567890', 'abcde1234567890fghij' );
-ERROR 42X05: Table 'MYMIXED' does not exist.
+ERROR 42X05: Table/View 'MYMIXED' does not exist.
 ij> insert into myMixed values( 'abcdefghij', 'abcdefghij1234567890' );
-ERROR 42X05: Table 'MYMIXED' does not exist.
+ERROR 42X05: Table/View 'MYMIXED' does not exist.
 ij> insert into myMixed values( 'abcdefghij', '1234567890abcdefghij' );
-ERROR 42X05: Table 'MYMIXED' does not exist.
+ERROR 42X05: Table/View 'MYMIXED' does not exist.
 ij> insert into myMixed values( 'abcdefghij', '1234567890!@#$%^&*()' );
-ERROR 42X05: Table 'MYMIXED' does not exist.
+ERROR 42X05: Table/View 'MYMIXED' does not exist.
 ij> insert into myMixed values( '1234567890', 'abcde1234567890fghij', 2 );
-ERROR 42X05: Table 'MYMIXED' does not exist.
+ERROR 42X05: Table/View 'MYMIXED' does not exist.
 ij> insert into myMixed values( 'abcdefghij', 'abcdefghij1234567890', 1 );
-ERROR 42X05: Table 'MYMIXED' does not exist.
+ERROR 42X05: Table/View 'MYMIXED' does not exist.
 ij> insert into myMixed values( 'abcdefghij', '1234567890abcdefghij', 15 );
-ERROR 42X05: Table 'MYMIXED' does not exist.
+ERROR 42X05: Table/View 'MYMIXED' does not exist.
 ij> insert into myMixed (c) values( 0 );
-ERROR 42X05: Table 'MYMIXED' does not exist.
+ERROR 42X05: Table/View 'MYMIXED' does not exist.
 ij> insert into myMixed (c) values( 1 );
-ERROR 42X05: Table 'MYMIXED' does not exist.
+ERROR 42X05: Table/View 'MYMIXED' does not exist.
 ij> insert into myMixed (c) values( 2 );
-ERROR 42X05: Table 'MYMIXED' does not exist.
+ERROR 42X05: Table/View 'MYMIXED' does not exist.
 ij> insert into myMixed (a) values( 'hello' );
-ERROR 42X05: Table 'MYMIXED' does not exist.
+ERROR 42X05: Table/View 'MYMIXED' does not exist.
 ij> insert into myMixed (b) values( 'hello' );
-ERROR 42X05: Table 'MYMIXED' does not exist.
+ERROR 42X05: Table/View 'MYMIXED' does not exist.
 ij> insert into myMixed values( 'abcdefghij', '1234567890!@#$%^&*()', 21 );
-ERROR 42X05: Table 'MYMIXED' does not exist.
+ERROR 42X05: Table/View 'MYMIXED' does not exist.
 ij> select a, b, c from myMixed;
-ERROR 42X05: Table 'MYMIXED' does not exist.
+ERROR 42X05: Table/View 'MYMIXED' does not exist.
 ij> select locate(a, b) from myMixed;
-ERROR 42X05: Table 'MYMIXED' does not exist.
+ERROR 42X05: Table/View 'MYMIXED' does not exist.
 ij> select locate(a, b, c) from myMixed;
-ERROR 42X05: Table 'MYMIXED' does not exist.
+ERROR 42X05: Table/View 'MYMIXED' does not exist.
 ij> drop table myMixed;
 ERROR 42Y55: 'DROP TABLE' cannot be performed on 'MYMIXED' because it does not exist.
 ij> create table foo( a int );
 0 rows inserted/updated/deleted
 ij> insert into foo select locate(a, b) from mynVarChar;
-ERROR 42X05: Table 'MYNVARCHAR' does not exist.
+ERROR 42X05: Table/View 'MYNVARCHAR' does not exist.
 ij> insert into foo values( {fn locate('hello', 'hello')} );
 1 row inserted/updated/deleted
 ij> select * from foo;
diff --git a/java/testing/org/apache/derbyTesting/functionTests/master/j9_foundation/grantRevoke.out b/java/testing/org/apache/derbyTesting/functionTests/master/j9_foundation/grantRevoke.out
index 91c641dd1..3b4ed1247 100644
--- a/java/testing/org/apache/derbyTesting/functionTests/master/j9_foundation/grantRevoke.out
+++ b/java/testing/org/apache/derbyTesting/functionTests/master/j9_foundation/grantRevoke.out
@@ -87,9 +87,9 @@ create synonym mySym for satheesh.tsat;
 0 rows inserted/updated/deleted
 ij(SATCONNECTION)> -- Expected to fail
 grant select on mySym to bar;
-ERROR 42X05: Table 'MYSYM' does not exist.
+ERROR 42X05: Table/View 'MYSYM' does not exist.
 ij(SATCONNECTION)> grant insert on mySym to foo;
-ERROR 42X05: Table 'MYSYM' does not exist.
+ERROR 42X05: Table/View 'MYSYM' does not exist.
 ij(SATCONNECTION)> -- Test for external security clause
 -- Expected to fail
 CREATE FUNCTION F_ABS(P1 INT)
diff --git a/java/testing/org/apache/derbyTesting/functionTests/master/j9_foundation/grantRevokeDDL.out b/java/testing/org/apache/derbyTesting/functionTests/master/j9_foundation/grantRevokeDDL.out
index edf7d9d41..d02ddd023 100644
--- a/java/testing/org/apache/derbyTesting/functionTests/master/j9_foundation/grantRevokeDDL.out
+++ b/java/testing/org/apache/derbyTesting/functionTests/master/j9_foundation/grantRevokeDDL.out
@@ -91,9 +91,9 @@ create synonym mySym for satheesh.tsat;
 0 rows inserted/updated/deleted
 ij(SATCONNECTION)> -- Expected to fail
 grant select on mySym to bar;
-ERROR 42X05: Table 'MYSYM' does not exist.
+ERROR 42X05: Table/View 'MYSYM' does not exist.
 ij(SATCONNECTION)> grant insert on mySym to foo;
-ERROR 42X05: Table 'MYSYM' does not exist.
+ERROR 42X05: Table/View 'MYSYM' does not exist.
 ij(SATCONNECTION)> CREATE FUNCTION F_ABS(P1 INT)
 RETURNS INT NO SQL
 RETURNS NULL ON NULL INPUT
diff --git a/java/testing/org/apache/derbyTesting/functionTests/master/miscerrors.out b/java/testing/org/apache/derbyTesting/functionTests/master/miscerrors.out
index 07cac44fd..18689e1dc 100644
--- a/java/testing/org/apache/derbyTesting/functionTests/master/miscerrors.out
+++ b/java/testing/org/apache/derbyTesting/functionTests/master/miscerrors.out
@@ -41,7 +41,7 @@ select SQL_TEXT from syscs_diag.statement_cache where SQL_TEXT LIKE '%932432%'
 ij> VALUES FRED932432;
 ERROR 42X04: Column 'FRED932432' is either not in any table in the FROM list or appears within a join specification and is outside the scope of the join specification or appears in a HAVING clause and is not in the GROUP BY list. If this is a CREATE or ALTER TABLE  statement then 'FRED932432' is not a column in the target table.
 ij> SELECT * FROM BILL932432;
-ERROR 42X05: Table 'BILL932432' does not exist.
+ERROR 42X05: Table/View 'BILL932432' does not exist.
 ij> SELECT 932432;
 ERROR 42X01: Syntax error: Encountered "<EOF>" at line 1, column 13.
 ij> select SQL_TEXT from syscs_diag.statement_cache where SQL_TEXT LIKE '%932432%';
diff --git a/java/testing/org/apache/derbyTesting/functionTests/master/prepStmt.out b/java/testing/org/apache/derbyTesting/functionTests/master/prepStmt.out
index ba72d40b0..d46919517 100644
--- a/java/testing/org/apache/derbyTesting/functionTests/master/prepStmt.out
+++ b/java/testing/org/apache/derbyTesting/functionTests/master/prepStmt.out
@@ -53,7 +53,7 @@ insertTab ( bigtab,0)
 SQLState: 42X01 message: Syntax error: Encountered "<EOF>" at line 1, column 29.
 Expected Table does not exist 
 insertTab ( wrongtab,1000)
-SQLState: 42X05 message: Table 'WRONGTAB' does not exist.
+SQLState: 42X05 message: Table/View 'WRONGTAB' does not exist.
 CREATE TABLE doubletab (i int, doubleVal DOUBLE)
 testBigDecimalToDoubleConversion().
  Check that values are preserved when BigDecimal 
diff --git a/java/testing/org/apache/derbyTesting/functionTests/master/renameTable.out b/java/testing/org/apache/derbyTesting/functionTests/master/renameTable.out
index 734a750bb..34b8e54d0 100644
--- a/java/testing/org/apache/derbyTesting/functionTests/master/renameTable.out
+++ b/java/testing/org/apache/derbyTesting/functionTests/master/renameTable.out
@@ -91,7 +91,7 @@ rename table t3r to t3;
 0 rows inserted/updated/deleted
 ij> -- but the execute statement will fail
 execute p3 using 'values (30)';
-ERROR 42X05: Table 'T3R' does not exist.
+ERROR 42X05: Table/View 'T3R' does not exist.
 ij> remove p3;
 ij> autocommit on;
 ij> -- creating a table with triggers defined on it
@@ -108,7 +108,7 @@ ij> -- bug 5683. Should fail
 rename table t7 to t7r;
 ERROR X0Y25: Operation 'RENAME' cannot be performed on object 'T7' because TRIGGER 'T7INSERT' is dependent on that object.
 ij> select * from t7r;
-ERROR 42X05: Table 'T7R' does not exist.
+ERROR 42X05: Table/View 'T7R' does not exist.
 ij> select * from t7;
 C71        
 -----------
@@ -116,13 +116,13 @@ C71
 ij> rename table t6 to t6r;
 0 rows inserted/updated/deleted
 ij> insert into t7 values(3);
-ERROR 42X05: Table 'T6' does not exist.
+ERROR 42X05: Table/View 'T6' does not exist.
 ij> select * from t6r;
 C61        
 -----------
 1          
 ij> select * from t7r;
-ERROR 42X05: Table 'T7R' does not exist.
+ERROR 42X05: Table/View 'T7R' does not exist.
 ij> -- Rename should fail if there is a check constraint
 create table tcheck (i int check(i>5));
 0 rows inserted/updated/deleted
diff --git a/java/testing/org/apache/derbyTesting/functionTests/master/schema5.out b/java/testing/org/apache/derbyTesting/functionTests/master/schema5.out
index 12945f84c..0715145d2 100644
--- a/java/testing/org/apache/derbyTesting/functionTests/master/schema5.out
+++ b/java/testing/org/apache/derbyTesting/functionTests/master/schema5.out
@@ -115,7 +115,7 @@ ij> --0 PASS: if there was an error for a duplicate unique constraint
    --   SELECT T0513.C2, BASE_VS1.C1 FROM T0513, BASE_VS1
    CREATE VIEW T0513 (C1, C2) AS
    SELECT T0513.C2, BASE_VS1.C1 FROM T0513, BASE_VS1;
-ERROR 42X05: Table 'T0513' does not exist.
+ERROR 42X05: Table/View 'T0513' does not exist.
 ij> --0 PASS: if an error is returned that the view is circular
 -- ************* End of Schema *************
 disconnect;
diff --git a/java/testing/org/apache/derbyTesting/functionTests/master/schemas.out b/java/testing/org/apache/derbyTesting/functionTests/master/schemas.out
index 9a81460be..15c424935 100644
--- a/java/testing/org/apache/derbyTesting/functionTests/master/schemas.out
+++ b/java/testing/org/apache/derbyTesting/functionTests/master/schemas.out
@@ -8,7 +8,7 @@ ij> --
 create table myschem.t(c int);
 0 rows inserted/updated/deleted
 ij> insert into t values (1);
-ERROR 42X05: Table 'T' does not exist.
+ERROR 42X05: Table/View 'T' does not exist.
 ij> insert into blah.t values (2);
 ERROR 42Y07: Schema 'BLAH' does not exist
 ij> insert into blah.blah.t values (3);
@@ -26,7 +26,7 @@ ERROR 42X01: Syntax error: Encountered "." at line 2, column 27.
 ij> create table myschem.s(c int);
 0 rows inserted/updated/deleted
 ij> insert into s values (1);
-ERROR 42X05: Table 'S' does not exist.
+ERROR 42X05: Table/View 'S' does not exist.
 ij> insert into honk.s values (2);
 ERROR 42Y07: Schema 'HONK' does not exist
 ij> insert into honk.blat.s values (3);
diff --git a/java/testing/org/apache/derbyTesting/functionTests/master/statementJdbc20.out b/java/testing/org/apache/derbyTesting/functionTests/master/statementJdbc20.out
index cba62744c..8a0aa8563 100644
--- a/java/testing/org/apache/derbyTesting/functionTests/master/statementJdbc20.out
+++ b/java/testing/org/apache/derbyTesting/functionTests/master/statementJdbc20.out
@@ -21,7 +21,7 @@ SQLSTATE(XJ061): SQL Exception: The 'setFetchDirection()' method is only allowed
 PASS -- expected exception
 SQLSTATE(X0Y78): SQL Exception: Statement.executeQuery() cannot be called with a statement that returns a row count.
 PASS -- expected exception
-SQLSTATE(42X05): SQL Exception: Table 'TRASH' does not exist.
+SQLSTATE(42X05): SQL Exception: Table/View 'TRASH' does not exist.
 PASS -- expected exception
 SQLSTATE(X0Y79): SQL Exception: Statement.executeUpdate() cannot be called with a statement that returns a ResultSet.
 Test statementJdbc20 finished
diff --git a/java/testing/org/apache/derbyTesting/functionTests/master/supersimple.out b/java/testing/org/apache/derbyTesting/functionTests/master/supersimple.out
index e1efb74e0..a4c231c26 100644
--- a/java/testing/org/apache/derbyTesting/functionTests/master/supersimple.out
+++ b/java/testing/org/apache/derbyTesting/functionTests/master/supersimple.out
@@ -134,7 +134,7 @@ ij(CONNECTION1)> select count(*) from a;
 ij(CONNECTION1)> disconnect;
 ij> set connection connection0;
 ij> select count(*) from a;
-ERROR 42X05: Table 'A' does not exist.
+ERROR 42X05: Table/View 'A' does not exist.
 ij> -- Bug 4758 - Store error does not return properly to client
 autocommit off;
 ij> create table t (i int);
diff --git a/java/testing/org/apache/derbyTesting/functionTests/master/synonym.out b/java/testing/org/apache/derbyTesting/functionTests/master/synonym.out
index 0e064fe69..15441df73 100644
--- a/java/testing/org/apache/derbyTesting/functionTests/master/synonym.out
+++ b/java/testing/org/apache/derbyTesting/functionTests/master/synonym.out
@@ -228,7 +228,7 @@ create synonym junkSchema.syn1 for table2;
 0 rows inserted/updated/deleted
 WARNING 01522: The newly defined synonym 'SYN1' resolved to the object 'JUNKSCHEMA.TABLE2' which is currently undefined.
 ij> select * from junkSchema.syn1;
-ERROR 42X05: Table 'JUNKSCHEMA.TABLE2' does not exist.
+ERROR 42X05: Table/View 'JUNKSCHEMA.TABLE2' does not exist.
 ij> set schema junkSchema;
 0 rows inserted/updated/deleted
 ij> create table table2(c char(10));
@@ -349,7 +349,7 @@ ij> drop synonym mySynonym;
 0 rows inserted/updated/deleted
 ij> -- Previously compiled cached statement should get invalidated
 select * from mySynonym;
-ERROR 42X05: Table 'MYSYNONYM' does not exist.
+ERROR 42X05: Table/View 'MYSYNONYM' does not exist.
 ij> create synonym mySyn for table1;
 0 rows inserted/updated/deleted
 ij> create view v1 as select * from mySyn;
@@ -377,7 +377,7 @@ ij> create synonym multiSchema for testSchema.testtab;
 0 rows inserted/updated/deleted
 WARNING 01522: The newly defined synonym 'MULTISCHEMA' resolved to the object 'TESTSCHEMA.TESTTAB' which is currently undefined.
 ij> select * from multiSchema;
-ERROR 42X05: Table 'TESTSCHEMA.TESTTAB' does not exist.
+ERROR 42X05: Table/View 'TESTSCHEMA.TESTTAB' does not exist.
 ij> create table testSchema.testtab(i int, c char(10));
 0 rows inserted/updated/deleted
 ij> insert into testSchema.testtab values (1, 'synonym');
diff --git a/java/testing/org/apache/derbyTesting/functionTests/master/testij.out b/java/testing/org/apache/derbyTesting/functionTests/master/testij.out
index b43d382ab..62ce67717 100644
--- a/java/testing/org/apache/derbyTesting/functionTests/master/testij.out
+++ b/java/testing/org/apache/derbyTesting/functionTests/master/testij.out
@@ -19,7 +19,7 @@ ij(CONNECTION1)> -- Try some URL attributes
 disconnect all;
 ij> connect 'jdbc:derby:net://xxxFILTERED_HOSTNAMExxx:1527/junk;create=true:retrieveMessagesFromServerOnGetMessage=true;' USER 'dbadmin' PASSWORD 'dbadbmin';
 ij> select * from APP.notthere;
-ERROR 42X05: Table 'APP.NOTTHERE' does not exist.
+ERROR 42X05: Table/View 'APP.NOTTHERE' does not exist.
 ij> -- examples from the docs
 connect 'jdbc:derby:net://xxxFILTERED_HOSTNAMExxx:1527/wombat;create=true:user=judy;password=judy;retrieveMessagesFromServerOnGetMessage=true;';
 ij(CONNECTION1)> connect 'jdbc:derby:net://xxxFILTERED_HOSTNAMExxx:1527/"./wombat":user=judy;password=judy;retrieveMessagesFromServerOnGetMessage=true;';
diff --git a/java/testing/org/apache/derbyTesting/functionTests/master/views.out b/java/testing/org/apache/derbyTesting/functionTests/master/views.out
index d8c35fb18..684108628 100644
--- a/java/testing/org/apache/derbyTesting/functionTests/master/views.out
+++ b/java/testing/org/apache/derbyTesting/functionTests/master/views.out
@@ -72,7 +72,7 @@ ij> create view t1(i) as values 1;
 ERROR X0Y32: Table/View 'T1' already exists in Schema 'APP'.
 ij> -- drop non-existant view
 drop view notexists;
-ERROR X0X05: Table 'NOTEXISTS' does not exist.
+ERROR X0X05: Table/View 'NOTEXISTS' does not exist.
 ij> -- duplicate column name in view's column list
 create view shouldntwork (c1, c2, c1) as select i, s, f from t1;
 ERROR 42Y13: Column name 'C1' appears more than once in the CREATE VIEW statement.
diff --git a/java/testing/org/apache/derbyTesting/functionTests/tests/lang/grantRevoke.java b/java/testing/org/apache/derbyTesting/functionTests/tests/lang/grantRevoke.java
index e731eb5c6..effb2a3ba 100644
--- a/java/testing/org/apache/derbyTesting/functionTests/tests/lang/grantRevoke.java
+++ b/java/testing/org/apache/derbyTesting/functionTests/tests/lang/grantRevoke.java
@@ -617,7 +617,7 @@ public class grantRevoke
          "'NOSUCHCOL' is not a column in table or VTI 'S1.T1'."},
 
         {"grant select on nosuch.t1 to " + users[0].name, "42Y07", "Schema 'NOSUCH' does not exist"},
-        {"grant select on s1.nosuch to " + users[0].name, "42X05", "Table 'S1.NOSUCH' does not exist."},
+        {"grant select on s1.nosuch to " + users[0].name, "42X05", "Table/View 'S1.NOSUCH' does not exist."},
         {"grant execute on function nosuch.f0 to " + users[0].name, "42Y07", "Schema 'NOSUCH' does not exist"},
         {"grant execute on function s1.nosuch to " + users[0].name, "42Y03",
          "'S1.NOSUCH' is not recognized as a function or procedure."},
