diff --git a/java/engine/org/apache/derby/impl/load/ColumnInfo.java b/java/engine/org/apache/derby/impl/load/ColumnInfo.java
index ff664aac8..9eddb8a20 100755
--- a/java/engine/org/apache/derby/impl/load/ColumnInfo.java
+++ b/java/engine/org/apache/derby/impl/load/ColumnInfo.java
@@ -80,13 +80,14 @@ class ColumnInfo {
 		columnTypes = new ArrayList(1);
 		noOfColumns = 0;
 		this.conn = conn;
-		this.schemaName = (sName !=null ? sName.toUpperCase(java.util.Locale.ENGLISH):sName);
-		this.tableName =  (tName !=null ? tName.toUpperCase(java.util.Locale.ENGLISH):tName);
+
+		this.schemaName = sName;
+		this.tableName =  tName;
 
 		if(insertColumnList!=null)
 		{
 			//break the comma seperated column list and initialze column info
-			//eg: c2 , c1 , c3
+			//eg: C2 , C1 , C3
 			StringTokenizer st = new StringTokenizer(insertColumnList , ",");
 			while (st.hasMoreTokens()) 
 			{
@@ -152,7 +153,7 @@ class ColumnInfo {
 		ResultSet rs = dmd.getColumns(null, 
 									  schemaName,
 									  tableName,
-									  (columnPattern !=null ? columnPattern.toUpperCase(java.util.Locale.ENGLISH):columnPattern));
+									  columnPattern);
 		boolean foundTheColumn=false;
 		while (rs.next())
 		{
@@ -306,8 +307,9 @@ class ColumnInfo {
 			return sb.toString();
 	}
 
-	/* returns comma seperated column Names for insert statement
-	 * eg: c1, c2 , c3 , c4 
+	/* returns comma seperated column Names delimited by quotes for the insert 
+     * statement
+	 * eg: "C1", "C2" , "C3" , "C4" 
 	 */
 	public String getInsertColumnNames()
 	{
@@ -319,7 +321,11 @@ class ColumnInfo {
 				sb.append(", ");
 			else
 				first = false;
+			// column names can be SQL reserved words, so it 
+			// is necessary delimit them using quotes for insert to work correctly. 
+			sb.append("\"");
 			sb.append(insertColumnNames.get(index));
+			sb.append("\"");
 		}
 	
 		//there is no column info available
@@ -359,6 +365,3 @@ class ColumnInfo {
 
 
 
-
-
-
diff --git a/java/engine/org/apache/derby/impl/load/ExportResultSetForObject.java b/java/engine/org/apache/derby/impl/load/ExportResultSetForObject.java
index 924dc7a9e..cea0fb5d1 100755
--- a/java/engine/org/apache/derby/impl/load/ExportResultSetForObject.java
+++ b/java/engine/org/apache/derby/impl/load/ExportResultSetForObject.java
@@ -24,93 +24,104 @@ import java.sql.Connection;
 import java.sql.Statement;
 import java.sql.ResultSet;
 import java.sql.ResultSetMetaData;
+import java.sql.DatabaseMetaData;
+import java.sql.SQLException;
 
 //uses the passed connection and table/view name to make the resultset on
 //that entity. If the entity to be exported has non-sql types in it, an
 //exception will be thrown
 class ExportResultSetForObject {
 
-  private Connection con;
-  private String entityName;
-  private String selectStatement;
-  private ResultSet rs;
-  private int columnCount;
-  private String columnNames[];
-  private String columnTypes[];
-  private int columnLengths[];
-
-	private Statement expStmt = null; 
-
-	//uses the passed connection and table/view name to make the resultset on
-	//that entity.
+    private Connection con;
+    private String selectQuery;
+    private ResultSet rs;
+    private int columnCount;
+    private String columnNames[];
+    private String columnTypes[];
+    private int columnLengths[];
+
+    private Statement expStmt = null; 
+    private String schemaName;
+    private String tableName;
+
+	/* set up the connection and table/view name or the select query
+	 * to make the result set, whose data is exported. 
+	 **/
 	public ExportResultSetForObject(Connection con, String schemaName, 
-									String tableName, String selectStatement 
+									String tableName, String selectQuery 
 									) 
 	{
 		this.con = con;
-		if( selectStatement == null)
-			this.entityName = (schemaName == null ? tableName : schemaName + "." + tableName); 
-		this.selectStatement = selectStatement;
+		if( selectQuery == null)
+		{
+			this.schemaName = schemaName;
+			this.tableName = tableName;
+			
+			// delimit schema Name and table Name using quotes because
+			// they can be case-sensitive names or SQL reserved words. Export
+			// procedures are expected to be called with case-senisitive names. 
+			// undelimited names are passed in upper case, because that is
+			// the form database stores them. 
+			
+			this.selectQuery = "select * from " + 
+				(schemaName == null ? "\"" + tableName + "\"" : 
+				 "\"" + schemaName + "\"" + "." + "\"" + tableName + "\""); 
+		}
+        else
+		{
+			this.selectQuery = selectQuery;
+		}
 	}
 
 
-  public ResultSet getResultSet() throws Exception {
-    rs = null;
-    String queryString = getQuery();
-    //execute select on passed enitity and keep it's meta data info ready
-    Statement expStmt = con.createStatement();
-    rs = expStmt.executeQuery(queryString);
-    getMetaDataInfo();
-    return rs;
-  }
-
-  public String getQuery(){
-	  if(selectStatement != null)
-		  return selectStatement;
-	  else
-	  {
-		  selectStatement = "select * from " + entityName;
-		  return selectStatement;
-	  }
-  }
-
-  public int getColumnCount() {
-    return columnCount;
-  }
-
-  public String[] getColumnDefinition() {
-    return columnNames;
-  }
-
-  public String[] getColumnTypes() {
-    return columnTypes;
-  }
-
-  public int[] getColumnLengths() {
-    return columnLengths;
-  }
-
-  //if the entity to be exported has non-sql types in it, an exception will be thrown
-  private void getMetaDataInfo() throws Exception {
-    ResultSetMetaData metaData = rs.getMetaData();
-    columnCount = metaData.getColumnCount();
-	  int numColumns = columnCount;
-    columnNames = new String[numColumns];
-	columnTypes = new String[numColumns];
-    columnLengths = new int[numColumns];
-    for (int i=0; i<numColumns; i++) {
-	  int jdbcTypeId = metaData.getColumnType(i+1);
-	  columnNames[i] = metaData.getColumnName(i+1);
-	  columnTypes[i] = metaData.getColumnTypeName(i+1);
-	  if(!ColumnInfo.importExportSupportedType(jdbcTypeId))
-	  {
-		  throw LoadError.nonSupportedTypeColumn(columnNames[i],
-												 columnTypes[i]); 
+    public ResultSet getResultSet() throws SQLException {
+        rs = null;
+        //execute the select query and keep it's meta data info ready
+        expStmt = con.createStatement();
+        rs = expStmt.executeQuery(selectQuery);
+        getMetaDataInfo();
+        return rs;
       }
-      	 
-      columnLengths[i] = metaData.getColumnDisplaySize(i+1);
+
+
+    public int getColumnCount() {
+        return columnCount;
+    }
+
+    public String[] getColumnDefinition() {
+        return columnNames;
+    }
+
+    public String[] getColumnTypes() {
+        return columnTypes;
+    }
+
+    public int[] getColumnLengths() {
+        return columnLengths;
+    }
+
+    //if the entity to be exported has non-sql types in it, an exception will be thrown
+    private void getMetaDataInfo() throws SQLException {
+        ResultSetMetaData metaData = rs.getMetaData();
+        columnCount                = metaData.getColumnCount();
+        int numColumns             = columnCount;
+        columnNames                = new String[numColumns];
+        columnTypes                = new String[numColumns];
+        columnLengths              = new int[numColumns];
+
+        for (int i=0; i<numColumns; i++) {
+            int jdbcTypeId = metaData.getColumnType(i+1);
+            columnNames[i] = metaData.getColumnName(i+1);
+            columnTypes[i] = metaData.getColumnTypeName(i+1);
+            if(!ColumnInfo.importExportSupportedType(jdbcTypeId))
+            {
+                throw LoadError.nonSupportedTypeColumn(
+                            columnNames[i], columnTypes[i]); 
+            }
+         
+            columnLengths[i] = metaData.getColumnDisplaySize(i+1);
+        }
     }
-  }
 
 	public void  close() throws Exception
 	{
@@ -118,8 +129,3 @@ class ExportResultSetForObject {
 			expStmt.close();
 	}
 }
-
-
-
-
-
diff --git a/java/engine/org/apache/derby/impl/load/Import.java b/java/engine/org/apache/derby/impl/load/Import.java
index 9217b1c26..fe66cf565 100755
--- a/java/engine/org/apache/derby/impl/load/Import.java
+++ b/java/engine/org/apache/derby/impl/load/Import.java
@@ -160,9 +160,9 @@ public class Import extends ImportAbstract{
 		if (connection == null)
 			throw LoadError.connectionNull();
 		
-		String entityName = (schemaName == null ? tableName : schemaName + "." + tableName); 
+	
 		
-		if (entityName == null)
+		if (tableName == null)
 			throw LoadError.entityNameMissing();
 		
 
@@ -197,6 +197,18 @@ public class Import extends ImportAbstract{
 
 		String importvti = sb.toString();
 
+		// delimit the table and schema names with quotes.
+		// because they might have been  created as quoted
+		// identifiers(for example when reserved words are used, names are quoted)
+		
+		// Import procedures are to be called with case-senisitive names. 
+		// Incase of delimited table names, they need to be passed as defined
+		// and when they are not delimited, they need to be passed in upper
+		// case, because all undelimited names are stored in the upper case 
+		// in the database. 
+
+		String entityName = (schemaName == null ? "\""+ tableName + "\"" : 
+							 "\"" + schemaName + "\"" + "." + "\"" + tableName + "\""); 
 
 		String insertModeValue;
 		if(replace > 0)
diff --git a/java/testing/org/apache/derbyTesting/functionTests/master/DerbyNet/ieptests.out b/java/testing/org/apache/derbyTesting/functionTests/master/DerbyNet/ieptests.out
index 4eb91f6ab..0213e9f77 100644
--- a/java/testing/org/apache/derbyTesting/functionTests/master/DerbyNet/ieptests.out
+++ b/java/testing/org/apache/derbyTesting/functionTests/master/DerbyNet/ieptests.out
@@ -11,11 +11,11 @@ ij> --After an export from ex_emp and import to imp_emp both tables should have
 insert into ex_emp values(99, 'smith' , 'tennis"p,l,ayer"', 190.55) ;
 1 row inserted/updated/deleted
 ij> -- Perform Export:
-call SYSCS_UTIL.SYSCS_EXPORT_TABLE (null, 'ex_emp' , 'extinout/emp.dat' , 
+call SYSCS_UTIL.SYSCS_EXPORT_TABLE (null, 'EX_EMP' , 'extinout/emp.dat' , 
                                  null, null, null) ;
 Statement executed.
 ij> -- Perform Import
-call SYSCS_UTIL.SYSCS_IMPORT_TABLE (null, 'imp_emp' , 'extinout/emp.dat' , 
+call SYSCS_UTIL.SYSCS_IMPORT_TABLE (null, 'IMP_EMP' , 'extinout/emp.dat' , 
                                       null, null, null, 0) ;
 Statement executed.
 ij> insert into ex_emp values(100, 'smith' , 'tennis"player"', 190.55) ;
@@ -41,11 +41,11 @@ ij> --all values are nulls
 insert into ex_emp values(108, null , null, null) ;
 1 row inserted/updated/deleted
 ij> -- Perform Export:
-call SYSCS_UTIL.SYSCS_EXPORT_TABLE (null, 'ex_emp' , 'extinout/emp.dat' , 
+call SYSCS_UTIL.SYSCS_EXPORT_TABLE (null, 'EX_EMP' , 'extinout/emp.dat' , 
                                  null, null, null) ;
 Statement executed.
 ij> -- Perform Import
-call SYSCS_UTIL.SYSCS_IMPORT_TABLE (null, 'imp_emp' , 'extinout/emp.dat' , 
+call SYSCS_UTIL.SYSCS_IMPORT_TABLE (null, 'IMP_EMP' , 'extinout/emp.dat' , 
                                       null, null, null, 0) ;
 Statement executed.
 ij> select * from ex_emp;
@@ -89,7 +89,7 @@ ij> --export from ex_emp using the a query only rows that got deleted in imp_emp
 call SYSCS_UTIL.SYSCS_EXPORT_QUERY('select * from ex_emp where id < 105', 
                                     'extinout/emp.dat' , null, null, null) ;
 Statement executed.
-ij> call SYSCS_UTIL.SYSCS_IMPORT_TABLE (null, 'imp_emp' , 'extinout/emp.dat' , 
+ij> call SYSCS_UTIL.SYSCS_IMPORT_TABLE (null, 'IMP_EMP' , 'extinout/emp.dat' , 
                                       null, null, null, 0) ;
 Statement executed.
 ij> --checking query
@@ -105,7 +105,7 @@ call SYSCS_UTIL.SYSCS_EXPORT_QUERY('select name , salary , skills, id from ex_em
                                     'extinout/emp.dat' , null, null, null) ;
 Statement executed.
 ij> -- import them in to a with order different than in the table;
-call SYSCS_UTIL.SYSCS_IMPORT_DATA(null, 'imp_emp' ,'name, salary, skills, id', null,
+call SYSCS_UTIL.SYSCS_IMPORT_DATA(null, 'IMP_EMP' ,'NAME, SALARY, SKILLS, ID', null,
                                     'extinout/emp.dat', null, null, null, 1) ;
 Statement executed.
 ij> --check query
@@ -117,7 +117,7 @@ select count(*) from imp_emp, ex_emp
 -----
 6          
 ij> -- do import replace into the table with table order but using column indexes
-call SYSCS_UTIL.SYSCS_IMPORT_DATA(null, 'imp_emp' ,null, '4, 1, 3, 2',
+call SYSCS_UTIL.SYSCS_IMPORT_DATA(null, 'IMP_EMP' ,null, '4, 1, 3, 2',
                                     'extinout/emp.dat', null, null, null, 1) ;
 Statement executed.
 ij> --check query
@@ -129,7 +129,7 @@ select count(*) from imp_emp, ex_emp
 -----
 6          
 ij> --replace using insert column names and column indexes
-call SYSCS_UTIL.SYSCS_IMPORT_DATA(null, 'imp_emp' ,'salary, id, skills, name', '2, 4, 3, 1',
+call SYSCS_UTIL.SYSCS_IMPORT_DATA(null, 'IMP_EMP' ,'SALARY, ID, SKILLS, NAME', '2, 4, 3, 1',
                                     'extinout/emp.dat', null, null, null, 1) ;
 Statement executed.
 ij> --check query
@@ -142,10 +142,10 @@ select count(*) from imp_emp, ex_emp
 6          
 ij> ---testing with different delimiters
 ----- single quote(') as character delimiter
-call SYSCS_UTIL.SYSCS_EXPORT_TABLE (null, 'ex_emp' , 'extinout/emp.dat' , 
+call SYSCS_UTIL.SYSCS_EXPORT_TABLE (null, 'EX_EMP' , 'extinout/emp.dat' , 
                                     null, '''', null) ;
 Statement executed.
-ij> call SYSCS_UTIL.SYSCS_IMPORT_TABLE (null, 'imp_emp' , 'extinout/emp.dat' , 
+ij> call SYSCS_UTIL.SYSCS_IMPORT_TABLE (null, 'IMP_EMP' , 'extinout/emp.dat' , 
                                     null, '''', null, 1) ;
 Statement executed.
 ij> select * from imp_emp ;
@@ -162,12 +162,12 @@ ID |NAME |SKILLS |SALARY
 107 |smith" |NULL |190.55      
 108 |NULL |NULL |NULL        
 ij> -- single quote(') as column delimiter
-call SYSCS_UTIL.SYSCS_EXPORT_TABLE (null, 'ex_emp' , 'extinout/emp.dat' , 
+call SYSCS_UTIL.SYSCS_EXPORT_TABLE (null, 'EX_EMP' , 'extinout/emp.dat' , 
                                     '''',null, null) ;
 Statement executed.
 ij> delete from imp_emp ;
 10 rows inserted/updated/deleted
-ij> call SYSCS_UTIL.SYSCS_IMPORT_TABLE (null, 'imp_emp' , 'extinout/emp.dat' , 
+ij> call SYSCS_UTIL.SYSCS_IMPORT_TABLE (null, 'IMP_EMP' , 'extinout/emp.dat' , 
                                     '''', null, null, 0) ;
 Statement executed.
 ij> select * from imp_emp;
@@ -183,10 +183,10 @@ ID |NAME |SKILLS |SALARY
 106 |smith |""""""""""""""""""" |190.55      
 107 |smith" |NULL |190.55      
 108 |NULL |NULL |NULL        
-ij> call SYSCS_UTIL.SYSCS_EXPORT_TABLE (null, 'ex_emp' , 'extinout/emp.dat' , 
+ij> call SYSCS_UTIL.SYSCS_EXPORT_TABLE (null, 'EX_EMP' , 'extinout/emp.dat' , 
                                  '*', '%', null) ;
 Statement executed.
-ij> call SYSCS_UTIL.SYSCS_IMPORT_TABLE (null, 'ex_emp' , 'extinout/emp.dat' , 
+ij> call SYSCS_UTIL.SYSCS_IMPORT_TABLE (null, 'EX_EMP' , 'extinout/emp.dat' , 
                                  '*', '%', null, 1) ;
 Statement executed.
 ij> select * from imp_emp ;
@@ -213,11 +213,11 @@ ij> insert into noncast values(1.5 , 6.7 ) ;
 1 row inserted/updated/deleted
 ij> insert into noncast values(2.5 , 8.999) ;
 1 row inserted/updated/deleted
-ij> call SYSCS_UTIL.SYSCS_EXPORT_TABLE ('APP' , 'noncast' , 'extinout/noncast.dat'  , null , null , null) ;
+ij> call SYSCS_UTIL.SYSCS_EXPORT_TABLE ('APP' , 'NONCAST' , 'extinout/noncast.dat'  , null , null , null) ;
 Statement executed.
-ij> call SYSCS_UTIL.SYSCS_IMPORT_TABLE (null, 'noncast' , 'extinout/noncast.dat'  , null , null , null , 0) ;
+ij> call SYSCS_UTIL.SYSCS_IMPORT_TABLE (null, 'NONCAST' , 'extinout/noncast.dat'  , null , null , null , 0) ;
 Statement executed.
-ij> call SYSCS_UTIL.SYSCS_IMPORT_DATA(null, 'noncast', 'c2 , c1' , '2, 1' , 
+ij> call SYSCS_UTIL.SYSCS_IMPORT_DATA(null, 'NONCAST', 'C2 , C1' , '2, 1' , 
                                    'extinout/noncast.dat'  , null , null , null , 0) ;
 Statement executed.
 ij> select * from noncast ;
@@ -242,10 +242,10 @@ ij> insert into ttypes values('2004-04-03' , '15:18:31' , 'xxxxxxFILTERED-TIMEST
 1 row inserted/updated/deleted
 ij> insert into ttypes values(null , null , null);
 1 row inserted/updated/deleted
-ij> call SYSCS_UTIL.SYSCS_EXPORT_TABLE (null, 'ttypes' , 'extinout/ttypes.del' , 
+ij> call SYSCS_UTIL.SYSCS_EXPORT_TABLE (null, 'TTYPES' , 'extinout/ttypes.del' , 
                                  null, null, null) ;
 Statement executed.
-ij> call SYSCS_UTIL.SYSCS_IMPORT_TABLE (null, 'ttypes' , 'extinout/ttypes.del' , 
+ij> call SYSCS_UTIL.SYSCS_IMPORT_TABLE (null, 'TTYPES' , 'extinout/ttypes.del' , 
                                  null, null, null, 0) ;
 Statement executed.
 ij> select * from ttypes;
@@ -269,10 +269,10 @@ ij> insert into t1 values(1) ;
 1 row inserted/updated/deleted
 ij> insert into t1 values(2) ;
 1 row inserted/updated/deleted
-ij> call SYSCS_UTIL.SYSCS_EXPORT_TABLE (null, 't1' , 'extinout/t1.del' , 
+ij> call SYSCS_UTIL.SYSCS_EXPORT_TABLE (null, 'T1' , 'extinout/t1.del' , 
                                  null, null, null) ;
 Statement executed.
-ij> call SYSCS_UTIL.SYSCS_IMPORT_TABLE (null, 't1' , 'extinout/t1.del' , 
+ij> call SYSCS_UTIL.SYSCS_IMPORT_TABLE (null, 'T1' , 'extinout/t1.del' , 
                                  null, null, null, 0) ;
 Statement executed.
 ij> --above import should have committed , following rollback should be a noop.
@@ -289,7 +289,7 @@ ij> insert into t1 values(3) ;
 ij> insert into t1 values(4) ;
 1 row inserted/updated/deleted
 ij> --file not found error should rollback 
-call SYSCS_UTIL.SYSCS_IMPORT_TABLE (null, 't1' , 'extinout/nofile.del' , 
+call SYSCS_UTIL.SYSCS_IMPORT_TABLE (null, 'T1' , 'extinout/nofile.del' , 
                                  null, null, null, 0) ;
 ERROR 38000: The exception 'SQL Exception: The exception 'java.lang.reflect.InvocationTargetException' was thrown while evaluating an expression.' was thrown while evaluating an expression. SQLSTATE: 38000: The exception 'java.lang.reflect.InvocationTargetException' was thrown while evaluating an expression. SQLSTATE: XJ001: Java exception: ': java.lang.reflect.InvocationTargetException'. SQLSTATE: XIE04: Data file not found: extinout/nofile.del
 ij> commit;
@@ -305,7 +305,7 @@ ij> insert into t1 values(3) ;
 ij> insert into t1 values(4) ;
 1 row inserted/updated/deleted
 ij> --table not found error should issue a implicit rollback 
-call SYSCS_UTIL.SYSCS_IMPORT_TABLE (null, 'notable' , 'extinout/t1.del' , 
+call SYSCS_UTIL.SYSCS_IMPORT_TABLE (null, 'NOTABLE' , 'extinout/t1.del' , 
                                  null, null, null, 0) ;
 ERROR XIE0M: Table 'NOTABLE' does not exist.  
 ij> commit ;
@@ -323,7 +323,7 @@ insert into t1 values(1) ;
 1 row inserted/updated/deleted
 ij> insert into t1 values(2) ;
 1 row inserted/updated/deleted
-ij> call SYSCS_UTIL.SYSCS_EXPORT_TABLE (null, 't1' , 'extinout/t1.del' , 
+ij> call SYSCS_UTIL.SYSCS_EXPORT_TABLE (null, 'T1' , 'extinout/t1.del' , 
                                  null, null, null) ;
 Statement executed.
 ij> --above export should have a commit.rollback below should be a noop
@@ -333,7 +333,7 @@ A
 -----
 1          
 2          
-ij> call SYSCS_UTIL.SYSCS_IMPORT_TABLE (null, 't1' , 'extinout/t1.del' , 
+ij> call SYSCS_UTIL.SYSCS_IMPORT_TABLE (null, 'T1' , 'extinout/t1.del' , 
                                  null, null, null, 1) ;
 Statement executed.
 ij> --above import should have committed , following rollback should be a noop.
@@ -348,7 +348,7 @@ ij> insert into t1 values(3) ;
 ij> insert into t1 values(4) ;
 1 row inserted/updated/deleted
 ij> --file not found error should rollback 
-call SYSCS_UTIL.SYSCS_IMPORT_TABLE (null, 't1' , 'extinout/nofile.del' , 
+call SYSCS_UTIL.SYSCS_IMPORT_TABLE (null, 'T1' , 'extinout/nofile.del' , 
                                  null, null, null, 1) ;
 ERROR 38000: The exception 'SQL Exception: The exception 'java.lang.reflect.InvocationTargetException' was thrown while evaluating an expression.' was thrown while evaluating an expression. SQLSTATE: 38000: The exception 'java.lang.reflect.InvocationTargetException' was thrown while evaluating an expression. SQLSTATE: XJ001: Java exception: ': java.lang.reflect.InvocationTargetException'. SQLSTATE: XIE04: Data file not found: extinout/nofile.del
 ij> commit;
@@ -362,7 +362,7 @@ ij> insert into t1 values(3) ;
 ij> insert into t1 values(4) ;
 1 row inserted/updated/deleted
 ij> --table not found error should issue a implicit rollback 
-call SYSCS_UTIL.SYSCS_IMPORT_TABLE (null, 'notable' , 'extinout/t1.del' , 
+call SYSCS_UTIL.SYSCS_IMPORT_TABLE (null, 'NOTABLE' , 'extinout/t1.del' , 
                                  null, null, null, 1) ;
 ERROR XIE0M: Table 'NOTABLE' does not exist.  
 ij> commit ;
@@ -379,10 +379,10 @@ insert into t1 values(1) ;
 1 row inserted/updated/deleted
 ij> insert into t1 values(2) ;
 1 row inserted/updated/deleted
-ij> call SYSCS_UTIL.SYSCS_EXPORT_TABLE (null, 't1' , 'extinout/t1.del' , 
+ij> call SYSCS_UTIL.SYSCS_EXPORT_TABLE (null, 'T1' , 'extinout/t1.del' , 
                                  null, null, null) ;
 Statement executed.
-ij> call SYSCS_UTIL.SYSCS_IMPORT_DATA(null, 't1' , 'a' , '1' , 'extinout/t1.del' , 
+ij> call SYSCS_UTIL.SYSCS_IMPORT_DATA(null, 'T1' , 'A' , '1' , 'extinout/t1.del' , 
                                  null, null, null, 0) ;
 Statement executed.
 ij> --above import should have committed , following rollback should be a noop.
@@ -399,7 +399,7 @@ ij> insert into t1 values(3) ;
 ij> insert into t1 values(4) ;
 1 row inserted/updated/deleted
 ij> --file not found error should rollback 
-call SYSCS_UTIL.SYSCS_IMPORT_DATA(null, 't1', 'a' , '1'  , 'extinout/nofile.del' , 
+call SYSCS_UTIL.SYSCS_IMPORT_DATA(null, 'T1', 'A' , '1'  , 'extinout/nofile.del' , 
                                  null, null, null, 0) ;
 ERROR 38000: The exception 'SQL Exception: The exception 'java.lang.reflect.InvocationTargetException' was thrown while evaluating an expression.' was thrown while evaluating an expression. SQLSTATE: 38000: The exception 'java.lang.reflect.InvocationTargetException' was thrown while evaluating an expression. SQLSTATE: XJ001: Java exception: ': java.lang.reflect.InvocationTargetException'. SQLSTATE: XIE04: Data file not found: extinout/nofile.del
 ij> commit;
@@ -415,7 +415,7 @@ ij> insert into t1 values(3) ;
 ij> insert into t1 values(4) ;
 1 row inserted/updated/deleted
 ij> --table not found error should issue a implicit rollback 
-call SYSCS_UTIL.SYSCS_IMPORT_DATA(null, 'notable' , 'a' , '1', 'extinout/t1.del' , 
+call SYSCS_UTIL.SYSCS_IMPORT_DATA(null, 'NOTABLE' , 'A' , '1', 'extinout/t1.del' , 
                                  null, null, null, 1) ;
 ERROR XIE0M: Table 'NOTABLE' does not exist.  
 ij> commit ;
@@ -432,7 +432,7 @@ insert into t1 values(3) ;
 1 row inserted/updated/deleted
 ij> insert into t1 values(4) ;
 1 row inserted/updated/deleted
-ij> call SYSCS_UTIL.SYSCS_IMPORT_DATA(null, 't1' , 'a' , '1' , 'extinout/t1.del' , 
+ij> call SYSCS_UTIL.SYSCS_IMPORT_DATA(null, 'T1' , 'A' , '1' , 'extinout/t1.del' , 
                                  null, null, null, 0) ;
 Statement executed.
 ij> select * from t1 ;
@@ -451,7 +451,7 @@ ij> insert into t1 values(5) ;
 ij> insert into t1 values(6) ;
 1 row inserted/updated/deleted
 ij> --following import will back , but should not have any impact on inserts
-call SYSCS_UTIL.SYSCS_IMPORT_DATA(null, 't1', 'a' , '1'  , 'extinout/nofile.del' , 
+call SYSCS_UTIL.SYSCS_IMPORT_DATA(null, 'T1', 'A' , '1'  , 'extinout/nofile.del' , 
                                  null, null, null, 0) ;
 ERROR 38000: The exception 'SQL Exception: The exception 'java.lang.reflect.InvocationTargetException' was thrown while evaluating an expression.' was thrown while evaluating an expression. SQLSTATE: 38000: The exception 'java.lang.reflect.InvocationTargetException' was thrown while evaluating an expression. SQLSTATE: XJ001: Java exception: ': java.lang.reflect.InvocationTargetException'. SQLSTATE: XIE04: Data file not found: extinout/nofile.del
 ij> select * from t1 ;
@@ -468,7 +468,7 @@ A
 5          
 6          
 ij> --END IMPORT COMMIT/ROLLBACK TESTSING
------all types supported by DB2 cloudscape import/export
+-----all types supported by Derby import/export
 create table alltypes(chartype char(20) , 
 	          biginttype bigint , 
 		  datetype date , 
@@ -521,10 +521,10 @@ ij> insert into  alltypes values('"chartype" string' ,
                               'xxxxxxFILTERED-TIMESTAMPxxxxx,
                               '"varchar" testing');
 1 row inserted/updated/deleted
-ij> call SYSCS_UTIL.SYSCS_EXPORT_TABLE (null, 'alltypes' , 'extinout/alltypes.del' , 
+ij> call SYSCS_UTIL.SYSCS_EXPORT_TABLE (null, 'ALLTYPES' , 'extinout/alltypes.del' , 
                                  null, null, null) ;
 Statement executed.
-ij> call SYSCS_UTIL.SYSCS_IMPORT_TABLE (null, 'alltypes' , 'extinout/alltypes.del' , 
+ij> call SYSCS_UTIL.SYSCS_IMPORT_TABLE (null, 'ALLTYPES' , 'extinout/alltypes.del' , 
                                  null, null, null, 0) ;
 Statement executed.
 ij> select * from alltypes ;
@@ -546,7 +546,7 @@ referencing new as newrow
 for each  row mode db2sql
 insert into test1 values(newrow.chartype);
 0 rows inserted/updated/deleted
-ij> call SYSCS_UTIL.SYSCS_IMPORT_TABLE (null, 'alltypes' , 'extinout/alltypes.del' , 
+ij> call SYSCS_UTIL.SYSCS_IMPORT_TABLE (null, 'ALLTYPES' , 'extinout/alltypes.del' , 
                                  null, null, null, 0) ;
 Statement executed.
 ij> select count(*) from alltypes ;
@@ -561,7 +561,7 @@ chartype string
 "chartype" string   
 ij> delete from alltypes;
 3 rows inserted/updated/deleted
-ij> call SYSCS_UTIL.SYSCS_IMPORT_TABLE (null, 'alltypes' , 'extinout/alltypes.del' , 
+ij> call SYSCS_UTIL.SYSCS_IMPORT_TABLE (null, 'ALLTYPES' , 'extinout/alltypes.del' , 
                                  null, null, null, 1) ;
 ERROR 38000: The exception 'SQL Exception: Bulk insert replace is not permitted on 'APP.ALLTYPES' because it has an enabled trigger (TRIG_IMPORT).' was thrown while evaluating an expression. SQLSTATE: 42Z08: Bulk insert replace is not permitted on 'APP.ALLTYPES' because it has an enabled trigger (TRIG_IMPORT).
 ij> select count(*) from alltypes;
@@ -592,7 +592,7 @@ ij> insert into table2 values('Leo',102, 23.4, 'I');
 ij> call SYSCS_UTIL.SYSCS_EXPORT_QUERY('select c1,c3,c4 from table2' , 'extinout/import.del' , 
                                  null, null, null) ;
 Statement executed.
-ij> CALL SYSCS_UTIL.SYSCS_IMPORT_DATA(NULL,'table1', 'c1,c3,c4' , null, 'extinout/import.del',null, null,null,0);
+ij> CALL SYSCS_UTIL.SYSCS_IMPORT_DATA(NULL,'TABLE1', 'C1,C3,C4' , null, 'extinout/import.del',null, null,null,0);
 Statement executed.
 ij> select * from table1;
 C1 |C2 |C3 |C4  
@@ -602,13 +602,13 @@ Mike |2 |76.9 |K
 Leo |3 |23.4 |I   
 ij> delete from table1;
 3 rows inserted/updated/deleted
-ij> call SYSCS_UTIL.SYSCS_EXPORT_TABLE(null , 'table2' , 'extinout/import.del',  null, null, null) ;
+ij> call SYSCS_UTIL.SYSCS_EXPORT_TABLE(null , 'TABLE2' , 'extinout/import.del',  null, null, null) ;
 Statement executed.
 ij> --following import should fail becuase of inserting into identity column.
-CALL SYSCS_UTIL.SYSCS_IMPORT_TABLE(NULL, 'table1', 'extinout/import.del',null, null, null,1);
+CALL SYSCS_UTIL.SYSCS_IMPORT_TABLE(NULL, 'TABLE1', 'extinout/import.del',null, null, null,1);
 ERROR 38000: The exception 'SQL Exception: Attempt to modify an identity column 'C2'.' was thrown while evaluating an expression. SQLSTATE: 42Z23: Attempt to modify an identity column 'C2'. 
 ij> --following import should be succesful
-CALL SYSCS_UTIL.SYSCS_IMPORT_DATA(NULL, 'table1', 'c1,c3,c4' , '1,3,4', 'extinout/import.del',null, null, null,1);
+CALL SYSCS_UTIL.SYSCS_IMPORT_DATA(NULL, 'TABLE1', 'C1,C3,C4' , '1,3,4', 'extinout/import.del',null, null, null,1);
 Statement executed.
 ij> select * from table1;
 C1 |C2 |C3 |C4  
@@ -619,10 +619,10 @@ Leo |3 |23.4 |I
 ij> update table2 set c2=null;
 3 rows inserted/updated/deleted
 ij> --check null values import to identity columns should also fail
-call SYSCS_UTIL.SYSCS_EXPORT_TABLE(null , 'table2' , 'extinout/import.del' , 
+call SYSCS_UTIL.SYSCS_EXPORT_TABLE(null , 'TABLE2' , 'extinout/import.del' , 
                                  null, null, null) ;
 Statement executed.
-ij> CALL SYSCS_UTIL.SYSCS_IMPORT_TABLE(NULL, 'table1', 'extinout/import.del',null, null, null,1);
+ij> CALL SYSCS_UTIL.SYSCS_IMPORT_TABLE(NULL, 'TABLE1', 'extinout/import.del',null, null, null,1);
 ERROR 38000: The exception 'SQL Exception: Attempt to modify an identity column 'C2'.' was thrown while evaluating an expression. SQLSTATE: 42Z23: Attempt to modify an identity column 'C2'. 
 ij> select * from table1;
 C1 |C2 |C3 |C4  
@@ -644,7 +644,7 @@ ij> call SYSCS_UTIL.SYSCS_EXPORT_QUERY('select * from parent where a < 3' , 'ext
                                  null, null, null) ;
 Statement executed.
 ij> --replace should fail because of dependent table
-CALL SYSCS_UTIL.SYSCS_IMPORT_TABLE(NULL, 'parent', 'extinout/parent.del',null, null, null,1);
+CALL SYSCS_UTIL.SYSCS_IMPORT_TABLE(NULL, 'PARENT', 'extinout/parent.del',null, null, null,1);
 ERROR 38000: The exception 'SQL Exception: INSERT on table 'PARENT' caused a violation of foreign key constraint 'xxxxGENERATED-IDxxxx' for key (3).  The statement has been rolled back.' was thrown while evaluating an expression. SQLSTATE: 23503: INSERT on table 'PARENT' caused a violation of foreign key constraint 'xxxxGENERATED-IDxxxx' for key (3).  The statement has been rolled back.
 ij> select * from parent;
 A          
@@ -656,7 +656,7 @@ A
 ij> ---test with a file which has a differen records seperators (\n, \r , \r\n)
 create table nt1( a int , b char(30));
 0 rows inserted/updated/deleted
-ij> CALL SYSCS_UTIL.SYSCS_IMPORT_TABLE(NULL, 'nt1', 'extin/mixednl.del',null, null, null,0);
+ij> CALL SYSCS_UTIL.SYSCS_IMPORT_TABLE(NULL, 'NT1', 'extin/mixednl.del',null, null, null,0);
 Statement executed.
 ij> select * from nt1;
 A |B                             
@@ -689,7 +689,7 @@ create table position_info
        web_flag varchar(1)
     );
 0 rows inserted/updated/deleted
-ij> CALL SYSCS_UTIL.SYSCS_IMPORT_TABLE ('APP', 'position_info', 'extin/position_info.del',
+ij> CALL SYSCS_UTIL.SYSCS_IMPORT_TABLE ('APP', 'POSITION_INFO', 'extin/position_info.del',
                                     null, null, null, 1);
 Statement executed.
 ij> select count(*) from position_info ;
@@ -701,12 +701,12 @@ DETAIL_DESCRIPTION
 -----
 Essential Duties and Responsibilities (include but not limited to):
 *Assist the director in his work activities in leading the&
-ij> CALL SYSCS_UTIL.SYSCS_EXPORT_TABLE ('APP', 'position_info', 'extinout/pinfo.del',
+ij> CALL SYSCS_UTIL.SYSCS_EXPORT_TABLE ('APP', 'POSITION_INFO', 'extinout/pinfo.del',
                                     null, null, null);
 Statement executed.
 ij> delete from position_info;
 680 rows inserted/updated/deleted
-ij> CALL SYSCS_UTIL.SYSCS_IMPORT_TABLE ('APP', 'position_info', 'extinout/pinfo.del',
+ij> CALL SYSCS_UTIL.SYSCS_IMPORT_TABLE ('APP', 'POSITION_INFO', 'extinout/pinfo.del',
                                     null, null, null, 1);
 Statement executed.
 ij> select count(*) from position_info ;
@@ -725,12 +725,12 @@ ij> create table dest_always(i int generated always as identity);
 0 rows inserted/updated/deleted
 ij> create table dest_by_default(i int generated by default as identity);
 0 rows inserted/updated/deleted
-ij> CALL SYSCS_UTIL.SYSCS_IMPORT_TABLE('APP','dest_always','extinout/autoinc.dat',null,null,null,0);
+ij> CALL SYSCS_UTIL.SYSCS_IMPORT_TABLE('APP','DEST_ALWAYS','extinout/autoinc.dat',null,null,null,0);
 ERROR 38000: The exception 'SQL Exception: Attempt to modify an identity column 'I'.' was thrown while evaluating an expression. SQLSTATE: 42Z23: Attempt to modify an identity column 'I'. 
 ij> select * from dest_always;
 I          
 -----
-ij> CALL SYSCS_UTIL.SYSCS_IMPORT_TABLE('APP','dest_by_default','extinout/autoinc.dat',null,null,null,0);
+ij> CALL SYSCS_UTIL.SYSCS_IMPORT_TABLE('APP','DEST_BY_DEFAULT','extinout/autoinc.dat',null,null,null,0);
 Statement executed.
 ij> select * from dest_by_default;
 I          
@@ -746,12 +746,12 @@ ij> create table dest_always(i int generated always as identity);
 0 rows inserted/updated/deleted
 ij> create table dest_by_default(i int generated by default as identity);
 0 rows inserted/updated/deleted
-ij> CALL SYSCS_UTIL.SYSCS_IMPORT_TABLE('APP','dest_always','extinout/autoinc.dat',null,null,null,1);
+ij> CALL SYSCS_UTIL.SYSCS_IMPORT_TABLE('APP','DEST_ALWAYS','extinout/autoinc.dat',null,null,null,1);
 ERROR 38000: The exception 'SQL Exception: Attempt to modify an identity column 'I'.' was thrown while evaluating an expression. SQLSTATE: 42Z23: Attempt to modify an identity column 'I'. 
 ij> select * from dest_always;
 I          
 -----
-ij> CALL SYSCS_UTIL.SYSCS_IMPORT_TABLE('APP','dest_by_default','extinout/autoinc.dat',null,null,null,1);
+ij> CALL SYSCS_UTIL.SYSCS_IMPORT_TABLE('APP','DEST_BY_DEFAULT','extinout/autoinc.dat',null,null,null,1);
 Statement executed.
 ij> select * from dest_by_default;
 I          
@@ -763,4 +763,142 @@ ij> drop table dest_always;
 0 rows inserted/updated/deleted
 ij> drop table dest_by_default;
 0 rows inserted/updated/deleted
+ij> --test case for bug (DERBY-390)
+-----test import/export with reserved words as table Name, column Names ..etc.
+create schema "Group";
+0 rows inserted/updated/deleted
+ij> create table "Group"."Order"("select" int, "delete" int, itemName char(20)) ;
+0 rows inserted/updated/deleted
+ij> insert into "Group"."Order" values(1, 2, 'memory') ;
+1 row inserted/updated/deleted
+ij> insert into "Group"."Order" values(3, 4, 'disk') ;
+1 row inserted/updated/deleted
+ij> insert into "Group"."Order" values(5, 6, 'mouse') ;
+1 row inserted/updated/deleted
+ij> --following export should fail because schema name is not matching the way it is defined using delimited quotes.
+call SYSCS_UTIL.SYSCS_EXPORT_TABLE ('GROUP', 'Order' , 'extinout/order.dat', null, null, null) ;
+ERROR 38000: The exception 'SQL Exception: Schema 'GROUP' does not exist' was thrown while evaluating an expression. SQLSTATE: 42Y07: Schema 'GROUP' does not exist
+ij> --following export should fail because table name is not matching the way it is defined in the quotes.
+call SYSCS_UTIL.SYSCS_EXPORT_TABLE ('Group', 'ORDER' , 'extinout/order.dat', null, null, null) ;
+ERROR 38000: The exception 'SQL Exception: Table 'Group.ORDER' does not exist.' was thrown while evaluating an expression. SQLSTATE: 42X05: Table 'Group.ORDER' does not exist.
+ij> --following export should fail because of unquoted table name that is a reserved word.
+call SYSCS_UTIL.SYSCS_EXPORT_QUERY('select * from "Group".Order' , 'extinout/order.dat' ,    null , null , null ) ;
+ERROR 38000: The exception 'SQL Exception: Syntax error: Encountered "Order" at line 1, column 23.' was thrown while evaluating an expression. SQLSTATE: 42X01: Syntax error: Encountered "Order" at line 1, column 23.
+ij> --following exports should pass.
+call SYSCS_UTIL.SYSCS_EXPORT_TABLE ('Group', 'Order' , 'extinout/order.dat', null, null, null) ;
+Statement executed.
+ij> call SYSCS_UTIL.SYSCS_EXPORT_QUERY('select * from "Group"."Order"' , 'extinout/order.dat' ,    null , null , null ) ;
+Statement executed.
+ij> call SYSCS_UTIL.SYSCS_EXPORT_QUERY('select "select" , "delete" , itemName from "Group"."Order"' , 
+                                                 'extinout/order.dat' ,    null , null , null ) ;
+Statement executed.
+ij> --following import should fail because schema name is not matching the way it is defined using delimited quotes.
+call SYSCS_UTIL.SYSCS_IMPORT_TABLE ('GROUP', 'Order' , 'extinout/order.dat', null, null, null, 0) ;
+ERROR XIE0M: Table 'GROUP.Order' does not exist.  
+ij> --following import should fail because table name is not matching the way it is defined in the quotes.
+call SYSCS_UTIL.SYSCS_IMPORT_TABLE ('Group', 'ORDER' , 'extinout/order.dat', null, null, null, 0) ;
+ERROR XIE0M: Table 'Group.ORDER' does not exist.  
+ij> --following import should fail because table name is not matching the way it is defined in the quotes.
+call SYSCS_UTIL.SYSCS_IMPORT_DATA('Group', 'ORDER' , null , null ,   'extinout/order.dat'   , null , null , null, 1) ;
+ERROR XIE0M: Table 'Group.ORDER' does not exist.  
+ij> --following import should fail because column name is not matching the way it is defined in the quotes.
+call SYSCS_UTIL.SYSCS_IMPORT_DATA('Group', 'Order' , 'DELETE, ITEMNAME' , '2, 3' ,   'extinout/order.dat'   , null , null , null, 1) ;
+ERROR XIE08: There is no column named: DELETE.  
+ij> --following import should fail because undelimited column name is not in upper case.
+call SYSCS_UTIL.SYSCS_IMPORT_DATA('Group', 'Order' , 'delete, itemName' , '2, 3' ,   'extinout/order.dat'   , null , null , null, 1) ;
+ERROR XIE08: There is no column named: itemName.  
+ij> --following imports should pass
+call SYSCS_UTIL.SYSCS_IMPORT_TABLE ('Group', 'Order' , 'extinout/order.dat', null, null, null, 0) ;
+Statement executed.
+ij> select * from "Group"."Order";
+select |delete |ITEMNAME            
+-----
+1 |2 |memory              
+3 |4 |disk                
+5 |6 |mouse               
+1 |2 |memory              
+3 |4 |disk                
+5 |6 |mouse               
+ij> call SYSCS_UTIL.SYSCS_IMPORT_DATA('Group', 'Order' , null , null ,   'extinout/order.dat'   , null , null , null, 1) ;
+Statement executed.
+ij> select * from "Group"."Order";
+select |delete |ITEMNAME            
+-----
+1 |2 |memory              
+3 |4 |disk                
+5 |6 |mouse               
+ij> call SYSCS_UTIL.SYSCS_IMPORT_DATA('Group', 'Order' , 'delete' , '2' ,   'extinout/order.dat'   , null , null , null, 1) ;
+Statement executed.
+ij> select * from "Group"."Order";
+select |delete |ITEMNAME            
+-----
+NULL |2 |NULL                
+NULL |4 |NULL                
+NULL |6 |NULL                
+ij> call SYSCS_UTIL.SYSCS_IMPORT_DATA('Group', 'Order' , 'ITEMNAME, select, delete' , '3,2,1' ,   'extinout/order.dat'   , null , null , null, 1) ;
+Statement executed.
+ij> select * from "Group"."Order";
+select |delete |ITEMNAME            
+-----
+2 |1 |memory              
+4 |3 |disk                
+6 |5 |mouse               
+ij> drop table "Group"."Order";
+0 rows inserted/updated/deleted
+ij> ---test undelimited names( All unquoted SQL identfiers should be passed in upper case). 
+create schema inventory;
+0 rows inserted/updated/deleted
+ij> create table inventory.orderTable(id int, amount int, itemName char(20)) ;
+0 rows inserted/updated/deleted
+ij> insert into inventory.orderTable values(101, 5, 'pizza') ;
+1 row inserted/updated/deleted
+ij> insert into inventory.orderTable values(102, 6, 'coke') ;
+1 row inserted/updated/deleted
+ij> insert into inventory.orderTable values(103, 7, 'break sticks') ;
+1 row inserted/updated/deleted
+ij> insert into inventory.orderTable values(104, 8, 'buffolo wings') ;
+1 row inserted/updated/deleted
+ij> --following export should fail because schema name is not in upper case.
+call SYSCS_UTIL.SYSCS_EXPORT_TABLE ('inventory', 'ORDERTABLE' , 'extinout/order.dat', null, null, null) ;
+ERROR 38000: The exception 'SQL Exception: Schema 'inventory' does not exist' was thrown while evaluating an expression. SQLSTATE: 42Y07: Schema 'inventory' does not exist
+ij> --following export should fail because table name is not in upper case.
+call SYSCS_UTIL.SYSCS_EXPORT_TABLE ('INVENTORY', 'ordertable' , 'extinout/order.dat', null, null, null) ;
+ERROR 38000: The exception 'SQL Exception: Table 'INVENTORY.ordertable' does not exist.' was thrown while evaluating an expression. SQLSTATE: 42X05: Table 'INVENTORY.ordertable' does not exist.
+ij> --following export should pass.
+call SYSCS_UTIL.SYSCS_EXPORT_TABLE ('INVENTORY', 'ORDERTABLE' , 'extinout/order.dat', null, null, null) ;
+Statement executed.
+ij> --following import should fail because schema name is not in upper case
+call SYSCS_UTIL.SYSCS_IMPORT_TABLE ('inventory', 'ORDERTABLE' , 'extinout/order.dat', null, null, null, 0) ;
+ERROR XIE0M: Table 'inventory.ORDERTABLE' does not exist.  
+ij> --following import should fail because table name is not in upper case.
+call SYSCS_UTIL.SYSCS_IMPORT_TABLE ('INVENTORY', 'ordertable' , 'extinout/order.dat', null, null, null, 0) ;
+ERROR XIE0M: Table 'INVENTORY.ordertable' does not exist.  
+ij> --following import should fail because table name is not in upper case .
+call SYSCS_UTIL.SYSCS_IMPORT_DATA('INVENTORY', 'ordertable' , null , null ,   'extinout/order.dat'   , null , null , null, 1) ;
+ERROR XIE0M: Table 'INVENTORY.ordertable' does not exist.  
+ij> --following import should fail because column name is not in upper case.
+call SYSCS_UTIL.SYSCS_IMPORT_DATA('INVENTORY', 'ORDERTABLE' , 'amount, ITEMNAME' , '2, 3' ,   'extinout/order.dat'   , null , null , null, 1) ;
+ERROR XIE08: There is no column named: amount.  
+ij> call SYSCS_UTIL.SYSCS_IMPORT_DATA('INVENTORY', 'ORDERTABLE' , null , null ,   'extinout/order.dat'   , null , null , null, 1) ;
+Statement executed.
+ij> select * from inventory.orderTable;
+ID |AMOUNT |ITEMNAME            
+-----
+101 |5 |pizza               
+102 |6 |coke                
+103 |7 |break sticks        
+104 |8 |buffolo wings       
+ij> call SYSCS_UTIL.SYSCS_IMPORT_DATA('INVENTORY', 'ORDERTABLE' , 'ITEMNAME, ID, AMOUNT' , '3,2,1' ,   'extinout/order.dat'   , null , null , null, 1) ;
+Statement executed.
+ij> select * from inventory.orderTable;
+ID |AMOUNT |ITEMNAME            
+-----
+5 |101 |pizza               
+6 |102 |coke                
+7 |103 |break sticks        
+8 |104 |buffolo wings       
+ij> drop table inventory.orderTable;
+0 rows inserted/updated/deleted
+ij> --end derby-390 related test cases.
+;
 ij> 
diff --git a/java/testing/org/apache/derbyTesting/functionTests/master/DerbyNetClient/ieptests.out b/java/testing/org/apache/derbyTesting/functionTests/master/DerbyNetClient/ieptests.out
index 4eb91f6ab..0213e9f77 100644
--- a/java/testing/org/apache/derbyTesting/functionTests/master/DerbyNetClient/ieptests.out
+++ b/java/testing/org/apache/derbyTesting/functionTests/master/DerbyNetClient/ieptests.out
@@ -11,11 +11,11 @@ ij> --After an export from ex_emp and import to imp_emp both tables should have
 insert into ex_emp values(99, 'smith' , 'tennis"p,l,ayer"', 190.55) ;
 1 row inserted/updated/deleted
 ij> -- Perform Export:
-call SYSCS_UTIL.SYSCS_EXPORT_TABLE (null, 'ex_emp' , 'extinout/emp.dat' , 
+call SYSCS_UTIL.SYSCS_EXPORT_TABLE (null, 'EX_EMP' , 'extinout/emp.dat' , 
                                  null, null, null) ;
 Statement executed.
 ij> -- Perform Import
-call SYSCS_UTIL.SYSCS_IMPORT_TABLE (null, 'imp_emp' , 'extinout/emp.dat' , 
+call SYSCS_UTIL.SYSCS_IMPORT_TABLE (null, 'IMP_EMP' , 'extinout/emp.dat' , 
                                       null, null, null, 0) ;
 Statement executed.
 ij> insert into ex_emp values(100, 'smith' , 'tennis"player"', 190.55) ;
@@ -41,11 +41,11 @@ ij> --all values are nulls
 insert into ex_emp values(108, null , null, null) ;
 1 row inserted/updated/deleted
 ij> -- Perform Export:
-call SYSCS_UTIL.SYSCS_EXPORT_TABLE (null, 'ex_emp' , 'extinout/emp.dat' , 
+call SYSCS_UTIL.SYSCS_EXPORT_TABLE (null, 'EX_EMP' , 'extinout/emp.dat' , 
                                  null, null, null) ;
 Statement executed.
 ij> -- Perform Import
-call SYSCS_UTIL.SYSCS_IMPORT_TABLE (null, 'imp_emp' , 'extinout/emp.dat' , 
+call SYSCS_UTIL.SYSCS_IMPORT_TABLE (null, 'IMP_EMP' , 'extinout/emp.dat' , 
                                       null, null, null, 0) ;
 Statement executed.
 ij> select * from ex_emp;
@@ -89,7 +89,7 @@ ij> --export from ex_emp using the a query only rows that got deleted in imp_emp
 call SYSCS_UTIL.SYSCS_EXPORT_QUERY('select * from ex_emp where id < 105', 
                                     'extinout/emp.dat' , null, null, null) ;
 Statement executed.
-ij> call SYSCS_UTIL.SYSCS_IMPORT_TABLE (null, 'imp_emp' , 'extinout/emp.dat' , 
+ij> call SYSCS_UTIL.SYSCS_IMPORT_TABLE (null, 'IMP_EMP' , 'extinout/emp.dat' , 
                                       null, null, null, 0) ;
 Statement executed.
 ij> --checking query
@@ -105,7 +105,7 @@ call SYSCS_UTIL.SYSCS_EXPORT_QUERY('select name , salary , skills, id from ex_em
                                     'extinout/emp.dat' , null, null, null) ;
 Statement executed.
 ij> -- import them in to a with order different than in the table;
-call SYSCS_UTIL.SYSCS_IMPORT_DATA(null, 'imp_emp' ,'name, salary, skills, id', null,
+call SYSCS_UTIL.SYSCS_IMPORT_DATA(null, 'IMP_EMP' ,'NAME, SALARY, SKILLS, ID', null,
                                     'extinout/emp.dat', null, null, null, 1) ;
 Statement executed.
 ij> --check query
@@ -117,7 +117,7 @@ select count(*) from imp_emp, ex_emp
 -----
 6          
 ij> -- do import replace into the table with table order but using column indexes
-call SYSCS_UTIL.SYSCS_IMPORT_DATA(null, 'imp_emp' ,null, '4, 1, 3, 2',
+call SYSCS_UTIL.SYSCS_IMPORT_DATA(null, 'IMP_EMP' ,null, '4, 1, 3, 2',
                                     'extinout/emp.dat', null, null, null, 1) ;
 Statement executed.
 ij> --check query
@@ -129,7 +129,7 @@ select count(*) from imp_emp, ex_emp
 -----
 6          
 ij> --replace using insert column names and column indexes
-call SYSCS_UTIL.SYSCS_IMPORT_DATA(null, 'imp_emp' ,'salary, id, skills, name', '2, 4, 3, 1',
+call SYSCS_UTIL.SYSCS_IMPORT_DATA(null, 'IMP_EMP' ,'SALARY, ID, SKILLS, NAME', '2, 4, 3, 1',
                                     'extinout/emp.dat', null, null, null, 1) ;
 Statement executed.
 ij> --check query
@@ -142,10 +142,10 @@ select count(*) from imp_emp, ex_emp
 6          
 ij> ---testing with different delimiters
 ----- single quote(') as character delimiter
-call SYSCS_UTIL.SYSCS_EXPORT_TABLE (null, 'ex_emp' , 'extinout/emp.dat' , 
+call SYSCS_UTIL.SYSCS_EXPORT_TABLE (null, 'EX_EMP' , 'extinout/emp.dat' , 
                                     null, '''', null) ;
 Statement executed.
-ij> call SYSCS_UTIL.SYSCS_IMPORT_TABLE (null, 'imp_emp' , 'extinout/emp.dat' , 
+ij> call SYSCS_UTIL.SYSCS_IMPORT_TABLE (null, 'IMP_EMP' , 'extinout/emp.dat' , 
                                     null, '''', null, 1) ;
 Statement executed.
 ij> select * from imp_emp ;
@@ -162,12 +162,12 @@ ID |NAME |SKILLS |SALARY
 107 |smith" |NULL |190.55      
 108 |NULL |NULL |NULL        
 ij> -- single quote(') as column delimiter
-call SYSCS_UTIL.SYSCS_EXPORT_TABLE (null, 'ex_emp' , 'extinout/emp.dat' , 
+call SYSCS_UTIL.SYSCS_EXPORT_TABLE (null, 'EX_EMP' , 'extinout/emp.dat' , 
                                     '''',null, null) ;
 Statement executed.
 ij> delete from imp_emp ;
 10 rows inserted/updated/deleted
-ij> call SYSCS_UTIL.SYSCS_IMPORT_TABLE (null, 'imp_emp' , 'extinout/emp.dat' , 
+ij> call SYSCS_UTIL.SYSCS_IMPORT_TABLE (null, 'IMP_EMP' , 'extinout/emp.dat' , 
                                     '''', null, null, 0) ;
 Statement executed.
 ij> select * from imp_emp;
@@ -183,10 +183,10 @@ ID |NAME |SKILLS |SALARY
 106 |smith |""""""""""""""""""" |190.55      
 107 |smith" |NULL |190.55      
 108 |NULL |NULL |NULL        
-ij> call SYSCS_UTIL.SYSCS_EXPORT_TABLE (null, 'ex_emp' , 'extinout/emp.dat' , 
+ij> call SYSCS_UTIL.SYSCS_EXPORT_TABLE (null, 'EX_EMP' , 'extinout/emp.dat' , 
                                  '*', '%', null) ;
 Statement executed.
-ij> call SYSCS_UTIL.SYSCS_IMPORT_TABLE (null, 'ex_emp' , 'extinout/emp.dat' , 
+ij> call SYSCS_UTIL.SYSCS_IMPORT_TABLE (null, 'EX_EMP' , 'extinout/emp.dat' , 
                                  '*', '%', null, 1) ;
 Statement executed.
 ij> select * from imp_emp ;
@@ -213,11 +213,11 @@ ij> insert into noncast values(1.5 , 6.7 ) ;
 1 row inserted/updated/deleted
 ij> insert into noncast values(2.5 , 8.999) ;
 1 row inserted/updated/deleted
-ij> call SYSCS_UTIL.SYSCS_EXPORT_TABLE ('APP' , 'noncast' , 'extinout/noncast.dat'  , null , null , null) ;
+ij> call SYSCS_UTIL.SYSCS_EXPORT_TABLE ('APP' , 'NONCAST' , 'extinout/noncast.dat'  , null , null , null) ;
 Statement executed.
-ij> call SYSCS_UTIL.SYSCS_IMPORT_TABLE (null, 'noncast' , 'extinout/noncast.dat'  , null , null , null , 0) ;
+ij> call SYSCS_UTIL.SYSCS_IMPORT_TABLE (null, 'NONCAST' , 'extinout/noncast.dat'  , null , null , null , 0) ;
 Statement executed.
-ij> call SYSCS_UTIL.SYSCS_IMPORT_DATA(null, 'noncast', 'c2 , c1' , '2, 1' , 
+ij> call SYSCS_UTIL.SYSCS_IMPORT_DATA(null, 'NONCAST', 'C2 , C1' , '2, 1' , 
                                    'extinout/noncast.dat'  , null , null , null , 0) ;
 Statement executed.
 ij> select * from noncast ;
@@ -242,10 +242,10 @@ ij> insert into ttypes values('2004-04-03' , '15:18:31' , 'xxxxxxFILTERED-TIMEST
 1 row inserted/updated/deleted
 ij> insert into ttypes values(null , null , null);
 1 row inserted/updated/deleted
-ij> call SYSCS_UTIL.SYSCS_EXPORT_TABLE (null, 'ttypes' , 'extinout/ttypes.del' , 
+ij> call SYSCS_UTIL.SYSCS_EXPORT_TABLE (null, 'TTYPES' , 'extinout/ttypes.del' , 
                                  null, null, null) ;
 Statement executed.
-ij> call SYSCS_UTIL.SYSCS_IMPORT_TABLE (null, 'ttypes' , 'extinout/ttypes.del' , 
+ij> call SYSCS_UTIL.SYSCS_IMPORT_TABLE (null, 'TTYPES' , 'extinout/ttypes.del' , 
                                  null, null, null, 0) ;
 Statement executed.
 ij> select * from ttypes;
@@ -269,10 +269,10 @@ ij> insert into t1 values(1) ;
 1 row inserted/updated/deleted
 ij> insert into t1 values(2) ;
 1 row inserted/updated/deleted
-ij> call SYSCS_UTIL.SYSCS_EXPORT_TABLE (null, 't1' , 'extinout/t1.del' , 
+ij> call SYSCS_UTIL.SYSCS_EXPORT_TABLE (null, 'T1' , 'extinout/t1.del' , 
                                  null, null, null) ;
 Statement executed.
-ij> call SYSCS_UTIL.SYSCS_IMPORT_TABLE (null, 't1' , 'extinout/t1.del' , 
+ij> call SYSCS_UTIL.SYSCS_IMPORT_TABLE (null, 'T1' , 'extinout/t1.del' , 
                                  null, null, null, 0) ;
 Statement executed.
 ij> --above import should have committed , following rollback should be a noop.
@@ -289,7 +289,7 @@ ij> insert into t1 values(3) ;
 ij> insert into t1 values(4) ;
 1 row inserted/updated/deleted
 ij> --file not found error should rollback 
-call SYSCS_UTIL.SYSCS_IMPORT_TABLE (null, 't1' , 'extinout/nofile.del' , 
+call SYSCS_UTIL.SYSCS_IMPORT_TABLE (null, 'T1' , 'extinout/nofile.del' , 
                                  null, null, null, 0) ;
 ERROR 38000: The exception 'SQL Exception: The exception 'java.lang.reflect.InvocationTargetException' was thrown while evaluating an expression.' was thrown while evaluating an expression. SQLSTATE: 38000: The exception 'java.lang.reflect.InvocationTargetException' was thrown while evaluating an expression. SQLSTATE: XJ001: Java exception: ': java.lang.reflect.InvocationTargetException'. SQLSTATE: XIE04: Data file not found: extinout/nofile.del
 ij> commit;
@@ -305,7 +305,7 @@ ij> insert into t1 values(3) ;
 ij> insert into t1 values(4) ;
 1 row inserted/updated/deleted
 ij> --table not found error should issue a implicit rollback 
-call SYSCS_UTIL.SYSCS_IMPORT_TABLE (null, 'notable' , 'extinout/t1.del' , 
+call SYSCS_UTIL.SYSCS_IMPORT_TABLE (null, 'NOTABLE' , 'extinout/t1.del' , 
                                  null, null, null, 0) ;
 ERROR XIE0M: Table 'NOTABLE' does not exist.  
 ij> commit ;
@@ -323,7 +323,7 @@ insert into t1 values(1) ;
 1 row inserted/updated/deleted
 ij> insert into t1 values(2) ;
 1 row inserted/updated/deleted
-ij> call SYSCS_UTIL.SYSCS_EXPORT_TABLE (null, 't1' , 'extinout/t1.del' , 
+ij> call SYSCS_UTIL.SYSCS_EXPORT_TABLE (null, 'T1' , 'extinout/t1.del' , 
                                  null, null, null) ;
 Statement executed.
 ij> --above export should have a commit.rollback below should be a noop
@@ -333,7 +333,7 @@ A
 -----
 1          
 2          
-ij> call SYSCS_UTIL.SYSCS_IMPORT_TABLE (null, 't1' , 'extinout/t1.del' , 
+ij> call SYSCS_UTIL.SYSCS_IMPORT_TABLE (null, 'T1' , 'extinout/t1.del' , 
                                  null, null, null, 1) ;
 Statement executed.
 ij> --above import should have committed , following rollback should be a noop.
@@ -348,7 +348,7 @@ ij> insert into t1 values(3) ;
 ij> insert into t1 values(4) ;
 1 row inserted/updated/deleted
 ij> --file not found error should rollback 
-call SYSCS_UTIL.SYSCS_IMPORT_TABLE (null, 't1' , 'extinout/nofile.del' , 
+call SYSCS_UTIL.SYSCS_IMPORT_TABLE (null, 'T1' , 'extinout/nofile.del' , 
                                  null, null, null, 1) ;
 ERROR 38000: The exception 'SQL Exception: The exception 'java.lang.reflect.InvocationTargetException' was thrown while evaluating an expression.' was thrown while evaluating an expression. SQLSTATE: 38000: The exception 'java.lang.reflect.InvocationTargetException' was thrown while evaluating an expression. SQLSTATE: XJ001: Java exception: ': java.lang.reflect.InvocationTargetException'. SQLSTATE: XIE04: Data file not found: extinout/nofile.del
 ij> commit;
@@ -362,7 +362,7 @@ ij> insert into t1 values(3) ;
 ij> insert into t1 values(4) ;
 1 row inserted/updated/deleted
 ij> --table not found error should issue a implicit rollback 
-call SYSCS_UTIL.SYSCS_IMPORT_TABLE (null, 'notable' , 'extinout/t1.del' , 
+call SYSCS_UTIL.SYSCS_IMPORT_TABLE (null, 'NOTABLE' , 'extinout/t1.del' , 
                                  null, null, null, 1) ;
 ERROR XIE0M: Table 'NOTABLE' does not exist.  
 ij> commit ;
@@ -379,10 +379,10 @@ insert into t1 values(1) ;
 1 row inserted/updated/deleted
 ij> insert into t1 values(2) ;
 1 row inserted/updated/deleted
-ij> call SYSCS_UTIL.SYSCS_EXPORT_TABLE (null, 't1' , 'extinout/t1.del' , 
+ij> call SYSCS_UTIL.SYSCS_EXPORT_TABLE (null, 'T1' , 'extinout/t1.del' , 
                                  null, null, null) ;
 Statement executed.
-ij> call SYSCS_UTIL.SYSCS_IMPORT_DATA(null, 't1' , 'a' , '1' , 'extinout/t1.del' , 
+ij> call SYSCS_UTIL.SYSCS_IMPORT_DATA(null, 'T1' , 'A' , '1' , 'extinout/t1.del' , 
                                  null, null, null, 0) ;
 Statement executed.
 ij> --above import should have committed , following rollback should be a noop.
@@ -399,7 +399,7 @@ ij> insert into t1 values(3) ;
 ij> insert into t1 values(4) ;
 1 row inserted/updated/deleted
 ij> --file not found error should rollback 
-call SYSCS_UTIL.SYSCS_IMPORT_DATA(null, 't1', 'a' , '1'  , 'extinout/nofile.del' , 
+call SYSCS_UTIL.SYSCS_IMPORT_DATA(null, 'T1', 'A' , '1'  , 'extinout/nofile.del' , 
                                  null, null, null, 0) ;
 ERROR 38000: The exception 'SQL Exception: The exception 'java.lang.reflect.InvocationTargetException' was thrown while evaluating an expression.' was thrown while evaluating an expression. SQLSTATE: 38000: The exception 'java.lang.reflect.InvocationTargetException' was thrown while evaluating an expression. SQLSTATE: XJ001: Java exception: ': java.lang.reflect.InvocationTargetException'. SQLSTATE: XIE04: Data file not found: extinout/nofile.del
 ij> commit;
@@ -415,7 +415,7 @@ ij> insert into t1 values(3) ;
 ij> insert into t1 values(4) ;
 1 row inserted/updated/deleted
 ij> --table not found error should issue a implicit rollback 
-call SYSCS_UTIL.SYSCS_IMPORT_DATA(null, 'notable' , 'a' , '1', 'extinout/t1.del' , 
+call SYSCS_UTIL.SYSCS_IMPORT_DATA(null, 'NOTABLE' , 'A' , '1', 'extinout/t1.del' , 
                                  null, null, null, 1) ;
 ERROR XIE0M: Table 'NOTABLE' does not exist.  
 ij> commit ;
@@ -432,7 +432,7 @@ insert into t1 values(3) ;
 1 row inserted/updated/deleted
 ij> insert into t1 values(4) ;
 1 row inserted/updated/deleted
-ij> call SYSCS_UTIL.SYSCS_IMPORT_DATA(null, 't1' , 'a' , '1' , 'extinout/t1.del' , 
+ij> call SYSCS_UTIL.SYSCS_IMPORT_DATA(null, 'T1' , 'A' , '1' , 'extinout/t1.del' , 
                                  null, null, null, 0) ;
 Statement executed.
 ij> select * from t1 ;
@@ -451,7 +451,7 @@ ij> insert into t1 values(5) ;
 ij> insert into t1 values(6) ;
 1 row inserted/updated/deleted
 ij> --following import will back , but should not have any impact on inserts
-call SYSCS_UTIL.SYSCS_IMPORT_DATA(null, 't1', 'a' , '1'  , 'extinout/nofile.del' , 
+call SYSCS_UTIL.SYSCS_IMPORT_DATA(null, 'T1', 'A' , '1'  , 'extinout/nofile.del' , 
                                  null, null, null, 0) ;
 ERROR 38000: The exception 'SQL Exception: The exception 'java.lang.reflect.InvocationTargetException' was thrown while evaluating an expression.' was thrown while evaluating an expression. SQLSTATE: 38000: The exception 'java.lang.reflect.InvocationTargetException' was thrown while evaluating an expression. SQLSTATE: XJ001: Java exception: ': java.lang.reflect.InvocationTargetException'. SQLSTATE: XIE04: Data file not found: extinout/nofile.del
 ij> select * from t1 ;
@@ -468,7 +468,7 @@ A
 5          
 6          
 ij> --END IMPORT COMMIT/ROLLBACK TESTSING
------all types supported by DB2 cloudscape import/export
+-----all types supported by Derby import/export
 create table alltypes(chartype char(20) , 
 	          biginttype bigint , 
 		  datetype date , 
@@ -521,10 +521,10 @@ ij> insert into  alltypes values('"chartype" string' ,
                               'xxxxxxFILTERED-TIMESTAMPxxxxx,
                               '"varchar" testing');
 1 row inserted/updated/deleted
-ij> call SYSCS_UTIL.SYSCS_EXPORT_TABLE (null, 'alltypes' , 'extinout/alltypes.del' , 
+ij> call SYSCS_UTIL.SYSCS_EXPORT_TABLE (null, 'ALLTYPES' , 'extinout/alltypes.del' , 
                                  null, null, null) ;
 Statement executed.
-ij> call SYSCS_UTIL.SYSCS_IMPORT_TABLE (null, 'alltypes' , 'extinout/alltypes.del' , 
+ij> call SYSCS_UTIL.SYSCS_IMPORT_TABLE (null, 'ALLTYPES' , 'extinout/alltypes.del' , 
                                  null, null, null, 0) ;
 Statement executed.
 ij> select * from alltypes ;
@@ -546,7 +546,7 @@ referencing new as newrow
 for each  row mode db2sql
 insert into test1 values(newrow.chartype);
 0 rows inserted/updated/deleted
-ij> call SYSCS_UTIL.SYSCS_IMPORT_TABLE (null, 'alltypes' , 'extinout/alltypes.del' , 
+ij> call SYSCS_UTIL.SYSCS_IMPORT_TABLE (null, 'ALLTYPES' , 'extinout/alltypes.del' , 
                                  null, null, null, 0) ;
 Statement executed.
 ij> select count(*) from alltypes ;
@@ -561,7 +561,7 @@ chartype string
 "chartype" string   
 ij> delete from alltypes;
 3 rows inserted/updated/deleted
-ij> call SYSCS_UTIL.SYSCS_IMPORT_TABLE (null, 'alltypes' , 'extinout/alltypes.del' , 
+ij> call SYSCS_UTIL.SYSCS_IMPORT_TABLE (null, 'ALLTYPES' , 'extinout/alltypes.del' , 
                                  null, null, null, 1) ;
 ERROR 38000: The exception 'SQL Exception: Bulk insert replace is not permitted on 'APP.ALLTYPES' because it has an enabled trigger (TRIG_IMPORT).' was thrown while evaluating an expression. SQLSTATE: 42Z08: Bulk insert replace is not permitted on 'APP.ALLTYPES' because it has an enabled trigger (TRIG_IMPORT).
 ij> select count(*) from alltypes;
@@ -592,7 +592,7 @@ ij> insert into table2 values('Leo',102, 23.4, 'I');
 ij> call SYSCS_UTIL.SYSCS_EXPORT_QUERY('select c1,c3,c4 from table2' , 'extinout/import.del' , 
                                  null, null, null) ;
 Statement executed.
-ij> CALL SYSCS_UTIL.SYSCS_IMPORT_DATA(NULL,'table1', 'c1,c3,c4' , null, 'extinout/import.del',null, null,null,0);
+ij> CALL SYSCS_UTIL.SYSCS_IMPORT_DATA(NULL,'TABLE1', 'C1,C3,C4' , null, 'extinout/import.del',null, null,null,0);
 Statement executed.
 ij> select * from table1;
 C1 |C2 |C3 |C4  
@@ -602,13 +602,13 @@ Mike |2 |76.9 |K
 Leo |3 |23.4 |I   
 ij> delete from table1;
 3 rows inserted/updated/deleted
-ij> call SYSCS_UTIL.SYSCS_EXPORT_TABLE(null , 'table2' , 'extinout/import.del',  null, null, null) ;
+ij> call SYSCS_UTIL.SYSCS_EXPORT_TABLE(null , 'TABLE2' , 'extinout/import.del',  null, null, null) ;
 Statement executed.
 ij> --following import should fail becuase of inserting into identity column.
-CALL SYSCS_UTIL.SYSCS_IMPORT_TABLE(NULL, 'table1', 'extinout/import.del',null, null, null,1);
+CALL SYSCS_UTIL.SYSCS_IMPORT_TABLE(NULL, 'TABLE1', 'extinout/import.del',null, null, null,1);
 ERROR 38000: The exception 'SQL Exception: Attempt to modify an identity column 'C2'.' was thrown while evaluating an expression. SQLSTATE: 42Z23: Attempt to modify an identity column 'C2'. 
 ij> --following import should be succesful
-CALL SYSCS_UTIL.SYSCS_IMPORT_DATA(NULL, 'table1', 'c1,c3,c4' , '1,3,4', 'extinout/import.del',null, null, null,1);
+CALL SYSCS_UTIL.SYSCS_IMPORT_DATA(NULL, 'TABLE1', 'C1,C3,C4' , '1,3,4', 'extinout/import.del',null, null, null,1);
 Statement executed.
 ij> select * from table1;
 C1 |C2 |C3 |C4  
@@ -619,10 +619,10 @@ Leo |3 |23.4 |I
 ij> update table2 set c2=null;
 3 rows inserted/updated/deleted
 ij> --check null values import to identity columns should also fail
-call SYSCS_UTIL.SYSCS_EXPORT_TABLE(null , 'table2' , 'extinout/import.del' , 
+call SYSCS_UTIL.SYSCS_EXPORT_TABLE(null , 'TABLE2' , 'extinout/import.del' , 
                                  null, null, null) ;
 Statement executed.
-ij> CALL SYSCS_UTIL.SYSCS_IMPORT_TABLE(NULL, 'table1', 'extinout/import.del',null, null, null,1);
+ij> CALL SYSCS_UTIL.SYSCS_IMPORT_TABLE(NULL, 'TABLE1', 'extinout/import.del',null, null, null,1);
 ERROR 38000: The exception 'SQL Exception: Attempt to modify an identity column 'C2'.' was thrown while evaluating an expression. SQLSTATE: 42Z23: Attempt to modify an identity column 'C2'. 
 ij> select * from table1;
 C1 |C2 |C3 |C4  
@@ -644,7 +644,7 @@ ij> call SYSCS_UTIL.SYSCS_EXPORT_QUERY('select * from parent where a < 3' , 'ext
                                  null, null, null) ;
 Statement executed.
 ij> --replace should fail because of dependent table
-CALL SYSCS_UTIL.SYSCS_IMPORT_TABLE(NULL, 'parent', 'extinout/parent.del',null, null, null,1);
+CALL SYSCS_UTIL.SYSCS_IMPORT_TABLE(NULL, 'PARENT', 'extinout/parent.del',null, null, null,1);
 ERROR 38000: The exception 'SQL Exception: INSERT on table 'PARENT' caused a violation of foreign key constraint 'xxxxGENERATED-IDxxxx' for key (3).  The statement has been rolled back.' was thrown while evaluating an expression. SQLSTATE: 23503: INSERT on table 'PARENT' caused a violation of foreign key constraint 'xxxxGENERATED-IDxxxx' for key (3).  The statement has been rolled back.
 ij> select * from parent;
 A          
@@ -656,7 +656,7 @@ A
 ij> ---test with a file which has a differen records seperators (\n, \r , \r\n)
 create table nt1( a int , b char(30));
 0 rows inserted/updated/deleted
-ij> CALL SYSCS_UTIL.SYSCS_IMPORT_TABLE(NULL, 'nt1', 'extin/mixednl.del',null, null, null,0);
+ij> CALL SYSCS_UTIL.SYSCS_IMPORT_TABLE(NULL, 'NT1', 'extin/mixednl.del',null, null, null,0);
 Statement executed.
 ij> select * from nt1;
 A |B                             
@@ -689,7 +689,7 @@ create table position_info
        web_flag varchar(1)
     );
 0 rows inserted/updated/deleted
-ij> CALL SYSCS_UTIL.SYSCS_IMPORT_TABLE ('APP', 'position_info', 'extin/position_info.del',
+ij> CALL SYSCS_UTIL.SYSCS_IMPORT_TABLE ('APP', 'POSITION_INFO', 'extin/position_info.del',
                                     null, null, null, 1);
 Statement executed.
 ij> select count(*) from position_info ;
@@ -701,12 +701,12 @@ DETAIL_DESCRIPTION
 -----
 Essential Duties and Responsibilities (include but not limited to):
 *Assist the director in his work activities in leading the&
-ij> CALL SYSCS_UTIL.SYSCS_EXPORT_TABLE ('APP', 'position_info', 'extinout/pinfo.del',
+ij> CALL SYSCS_UTIL.SYSCS_EXPORT_TABLE ('APP', 'POSITION_INFO', 'extinout/pinfo.del',
                                     null, null, null);
 Statement executed.
 ij> delete from position_info;
 680 rows inserted/updated/deleted
-ij> CALL SYSCS_UTIL.SYSCS_IMPORT_TABLE ('APP', 'position_info', 'extinout/pinfo.del',
+ij> CALL SYSCS_UTIL.SYSCS_IMPORT_TABLE ('APP', 'POSITION_INFO', 'extinout/pinfo.del',
                                     null, null, null, 1);
 Statement executed.
 ij> select count(*) from position_info ;
@@ -725,12 +725,12 @@ ij> create table dest_always(i int generated always as identity);
 0 rows inserted/updated/deleted
 ij> create table dest_by_default(i int generated by default as identity);
 0 rows inserted/updated/deleted
-ij> CALL SYSCS_UTIL.SYSCS_IMPORT_TABLE('APP','dest_always','extinout/autoinc.dat',null,null,null,0);
+ij> CALL SYSCS_UTIL.SYSCS_IMPORT_TABLE('APP','DEST_ALWAYS','extinout/autoinc.dat',null,null,null,0);
 ERROR 38000: The exception 'SQL Exception: Attempt to modify an identity column 'I'.' was thrown while evaluating an expression. SQLSTATE: 42Z23: Attempt to modify an identity column 'I'. 
 ij> select * from dest_always;
 I          
 -----
-ij> CALL SYSCS_UTIL.SYSCS_IMPORT_TABLE('APP','dest_by_default','extinout/autoinc.dat',null,null,null,0);
+ij> CALL SYSCS_UTIL.SYSCS_IMPORT_TABLE('APP','DEST_BY_DEFAULT','extinout/autoinc.dat',null,null,null,0);
 Statement executed.
 ij> select * from dest_by_default;
 I          
@@ -746,12 +746,12 @@ ij> create table dest_always(i int generated always as identity);
 0 rows inserted/updated/deleted
 ij> create table dest_by_default(i int generated by default as identity);
 0 rows inserted/updated/deleted
-ij> CALL SYSCS_UTIL.SYSCS_IMPORT_TABLE('APP','dest_always','extinout/autoinc.dat',null,null,null,1);
+ij> CALL SYSCS_UTIL.SYSCS_IMPORT_TABLE('APP','DEST_ALWAYS','extinout/autoinc.dat',null,null,null,1);
 ERROR 38000: The exception 'SQL Exception: Attempt to modify an identity column 'I'.' was thrown while evaluating an expression. SQLSTATE: 42Z23: Attempt to modify an identity column 'I'. 
 ij> select * from dest_always;
 I          
 -----
-ij> CALL SYSCS_UTIL.SYSCS_IMPORT_TABLE('APP','dest_by_default','extinout/autoinc.dat',null,null,null,1);
+ij> CALL SYSCS_UTIL.SYSCS_IMPORT_TABLE('APP','DEST_BY_DEFAULT','extinout/autoinc.dat',null,null,null,1);
 Statement executed.
 ij> select * from dest_by_default;
 I          
@@ -763,4 +763,142 @@ ij> drop table dest_always;
 0 rows inserted/updated/deleted
 ij> drop table dest_by_default;
 0 rows inserted/updated/deleted
+ij> --test case for bug (DERBY-390)
+-----test import/export with reserved words as table Name, column Names ..etc.
+create schema "Group";
+0 rows inserted/updated/deleted
+ij> create table "Group"."Order"("select" int, "delete" int, itemName char(20)) ;
+0 rows inserted/updated/deleted
+ij> insert into "Group"."Order" values(1, 2, 'memory') ;
+1 row inserted/updated/deleted
+ij> insert into "Group"."Order" values(3, 4, 'disk') ;
+1 row inserted/updated/deleted
+ij> insert into "Group"."Order" values(5, 6, 'mouse') ;
+1 row inserted/updated/deleted
+ij> --following export should fail because schema name is not matching the way it is defined using delimited quotes.
+call SYSCS_UTIL.SYSCS_EXPORT_TABLE ('GROUP', 'Order' , 'extinout/order.dat', null, null, null) ;
+ERROR 38000: The exception 'SQL Exception: Schema 'GROUP' does not exist' was thrown while evaluating an expression. SQLSTATE: 42Y07: Schema 'GROUP' does not exist
+ij> --following export should fail because table name is not matching the way it is defined in the quotes.
+call SYSCS_UTIL.SYSCS_EXPORT_TABLE ('Group', 'ORDER' , 'extinout/order.dat', null, null, null) ;
+ERROR 38000: The exception 'SQL Exception: Table 'Group.ORDER' does not exist.' was thrown while evaluating an expression. SQLSTATE: 42X05: Table 'Group.ORDER' does not exist.
+ij> --following export should fail because of unquoted table name that is a reserved word.
+call SYSCS_UTIL.SYSCS_EXPORT_QUERY('select * from "Group".Order' , 'extinout/order.dat' ,    null , null , null ) ;
+ERROR 38000: The exception 'SQL Exception: Syntax error: Encountered "Order" at line 1, column 23.' was thrown while evaluating an expression. SQLSTATE: 42X01: Syntax error: Encountered "Order" at line 1, column 23.
+ij> --following exports should pass.
+call SYSCS_UTIL.SYSCS_EXPORT_TABLE ('Group', 'Order' , 'extinout/order.dat', null, null, null) ;
+Statement executed.
+ij> call SYSCS_UTIL.SYSCS_EXPORT_QUERY('select * from "Group"."Order"' , 'extinout/order.dat' ,    null , null , null ) ;
+Statement executed.
+ij> call SYSCS_UTIL.SYSCS_EXPORT_QUERY('select "select" , "delete" , itemName from "Group"."Order"' , 
+                                                 'extinout/order.dat' ,    null , null , null ) ;
+Statement executed.
+ij> --following import should fail because schema name is not matching the way it is defined using delimited quotes.
+call SYSCS_UTIL.SYSCS_IMPORT_TABLE ('GROUP', 'Order' , 'extinout/order.dat', null, null, null, 0) ;
+ERROR XIE0M: Table 'GROUP.Order' does not exist.  
+ij> --following import should fail because table name is not matching the way it is defined in the quotes.
+call SYSCS_UTIL.SYSCS_IMPORT_TABLE ('Group', 'ORDER' , 'extinout/order.dat', null, null, null, 0) ;
+ERROR XIE0M: Table 'Group.ORDER' does not exist.  
+ij> --following import should fail because table name is not matching the way it is defined in the quotes.
+call SYSCS_UTIL.SYSCS_IMPORT_DATA('Group', 'ORDER' , null , null ,   'extinout/order.dat'   , null , null , null, 1) ;
+ERROR XIE0M: Table 'Group.ORDER' does not exist.  
+ij> --following import should fail because column name is not matching the way it is defined in the quotes.
+call SYSCS_UTIL.SYSCS_IMPORT_DATA('Group', 'Order' , 'DELETE, ITEMNAME' , '2, 3' ,   'extinout/order.dat'   , null , null , null, 1) ;
+ERROR XIE08: There is no column named: DELETE.  
+ij> --following import should fail because undelimited column name is not in upper case.
+call SYSCS_UTIL.SYSCS_IMPORT_DATA('Group', 'Order' , 'delete, itemName' , '2, 3' ,   'extinout/order.dat'   , null , null , null, 1) ;
+ERROR XIE08: There is no column named: itemName.  
+ij> --following imports should pass
+call SYSCS_UTIL.SYSCS_IMPORT_TABLE ('Group', 'Order' , 'extinout/order.dat', null, null, null, 0) ;
+Statement executed.
+ij> select * from "Group"."Order";
+select |delete |ITEMNAME            
+-----
+1 |2 |memory              
+3 |4 |disk                
+5 |6 |mouse               
+1 |2 |memory              
+3 |4 |disk                
+5 |6 |mouse               
+ij> call SYSCS_UTIL.SYSCS_IMPORT_DATA('Group', 'Order' , null , null ,   'extinout/order.dat'   , null , null , null, 1) ;
+Statement executed.
+ij> select * from "Group"."Order";
+select |delete |ITEMNAME            
+-----
+1 |2 |memory              
+3 |4 |disk                
+5 |6 |mouse               
+ij> call SYSCS_UTIL.SYSCS_IMPORT_DATA('Group', 'Order' , 'delete' , '2' ,   'extinout/order.dat'   , null , null , null, 1) ;
+Statement executed.
+ij> select * from "Group"."Order";
+select |delete |ITEMNAME            
+-----
+NULL |2 |NULL                
+NULL |4 |NULL                
+NULL |6 |NULL                
+ij> call SYSCS_UTIL.SYSCS_IMPORT_DATA('Group', 'Order' , 'ITEMNAME, select, delete' , '3,2,1' ,   'extinout/order.dat'   , null , null , null, 1) ;
+Statement executed.
+ij> select * from "Group"."Order";
+select |delete |ITEMNAME            
+-----
+2 |1 |memory              
+4 |3 |disk                
+6 |5 |mouse               
+ij> drop table "Group"."Order";
+0 rows inserted/updated/deleted
+ij> ---test undelimited names( All unquoted SQL identfiers should be passed in upper case). 
+create schema inventory;
+0 rows inserted/updated/deleted
+ij> create table inventory.orderTable(id int, amount int, itemName char(20)) ;
+0 rows inserted/updated/deleted
+ij> insert into inventory.orderTable values(101, 5, 'pizza') ;
+1 row inserted/updated/deleted
+ij> insert into inventory.orderTable values(102, 6, 'coke') ;
+1 row inserted/updated/deleted
+ij> insert into inventory.orderTable values(103, 7, 'break sticks') ;
+1 row inserted/updated/deleted
+ij> insert into inventory.orderTable values(104, 8, 'buffolo wings') ;
+1 row inserted/updated/deleted
+ij> --following export should fail because schema name is not in upper case.
+call SYSCS_UTIL.SYSCS_EXPORT_TABLE ('inventory', 'ORDERTABLE' , 'extinout/order.dat', null, null, null) ;
+ERROR 38000: The exception 'SQL Exception: Schema 'inventory' does not exist' was thrown while evaluating an expression. SQLSTATE: 42Y07: Schema 'inventory' does not exist
+ij> --following export should fail because table name is not in upper case.
+call SYSCS_UTIL.SYSCS_EXPORT_TABLE ('INVENTORY', 'ordertable' , 'extinout/order.dat', null, null, null) ;
+ERROR 38000: The exception 'SQL Exception: Table 'INVENTORY.ordertable' does not exist.' was thrown while evaluating an expression. SQLSTATE: 42X05: Table 'INVENTORY.ordertable' does not exist.
+ij> --following export should pass.
+call SYSCS_UTIL.SYSCS_EXPORT_TABLE ('INVENTORY', 'ORDERTABLE' , 'extinout/order.dat', null, null, null) ;
+Statement executed.
+ij> --following import should fail because schema name is not in upper case
+call SYSCS_UTIL.SYSCS_IMPORT_TABLE ('inventory', 'ORDERTABLE' , 'extinout/order.dat', null, null, null, 0) ;
+ERROR XIE0M: Table 'inventory.ORDERTABLE' does not exist.  
+ij> --following import should fail because table name is not in upper case.
+call SYSCS_UTIL.SYSCS_IMPORT_TABLE ('INVENTORY', 'ordertable' , 'extinout/order.dat', null, null, null, 0) ;
+ERROR XIE0M: Table 'INVENTORY.ordertable' does not exist.  
+ij> --following import should fail because table name is not in upper case .
+call SYSCS_UTIL.SYSCS_IMPORT_DATA('INVENTORY', 'ordertable' , null , null ,   'extinout/order.dat'   , null , null , null, 1) ;
+ERROR XIE0M: Table 'INVENTORY.ordertable' does not exist.  
+ij> --following import should fail because column name is not in upper case.
+call SYSCS_UTIL.SYSCS_IMPORT_DATA('INVENTORY', 'ORDERTABLE' , 'amount, ITEMNAME' , '2, 3' ,   'extinout/order.dat'   , null , null , null, 1) ;
+ERROR XIE08: There is no column named: amount.  
+ij> call SYSCS_UTIL.SYSCS_IMPORT_DATA('INVENTORY', 'ORDERTABLE' , null , null ,   'extinout/order.dat'   , null , null , null, 1) ;
+Statement executed.
+ij> select * from inventory.orderTable;
+ID |AMOUNT |ITEMNAME            
+-----
+101 |5 |pizza               
+102 |6 |coke                
+103 |7 |break sticks        
+104 |8 |buffolo wings       
+ij> call SYSCS_UTIL.SYSCS_IMPORT_DATA('INVENTORY', 'ORDERTABLE' , 'ITEMNAME, ID, AMOUNT' , '3,2,1' ,   'extinout/order.dat'   , null , null , null, 1) ;
+Statement executed.
+ij> select * from inventory.orderTable;
+ID |AMOUNT |ITEMNAME            
+-----
+5 |101 |pizza               
+6 |102 |coke                
+7 |103 |break sticks        
+8 |104 |buffolo wings       
+ij> drop table inventory.orderTable;
+0 rows inserted/updated/deleted
+ij> --end derby-390 related test cases.
+;
 ij> 
diff --git a/java/testing/org/apache/derbyTesting/functionTests/master/I18NImportExport.out b/java/testing/org/apache/derbyTesting/functionTests/master/I18NImportExport.out
index 143451065..559874782 100644
--- a/java/testing/org/apache/derbyTesting/functionTests/master/I18NImportExport.out
+++ b/java/testing/org/apache/derbyTesting/functionTests/master/I18NImportExport.out
@@ -14,7 +14,7 @@ ij> insert into tab1 values(77.406, date('2000-10-19'),  'test row 5');
 1 row inserted/updated/deleted
 ij> insert into tab1 values(50.395, date('2000-11-29'),  'test row 6');
 1 row inserted/updated/deleted
-ij> call SYSCS_UTIL.SYSCS_EXPORT_TABLE (null, 'tab1' , 'extinout/tab1_fr.unl' , 
+ij> call SYSCS_UTIL.SYSCS_EXPORT_TABLE (null, 'TAB1' , 'extinout/tab1_fr.unl' , 
                                     null, null, 'UTF8') ;
 0 rows inserted/updated/deleted
 ij> -- localized display is off
@@ -41,7 +41,7 @@ ij> drop table tab1;
 0 rows inserted/updated/deleted
 ij> create table tab1( c1 decimal(5,3), c2 date, c3 char(20) );
 0 rows inserted/updated/deleted
-ij> call SYSCS_UTIL.SYSCS_IMPORT_TABLE (null, 'tab1' , 'extinout/tab1_fr.unl' , 
+ij> call SYSCS_UTIL.SYSCS_IMPORT_TABLE (null, 'TAB1' , 'extinout/tab1_fr.unl' , 
                                     null, null, 'UTF8', 0) ;
 0 rows inserted/updated/deleted
 ij> -- localized display is off
diff --git a/java/testing/org/apache/derbyTesting/functionTests/master/UnicodeEscape_JP.out b/java/testing/org/apache/derbyTesting/functionTests/master/UnicodeEscape_JP.out
index 1c3a83e99..63eb9a7f0 100644
--- a/java/testing/org/apache/derbyTesting/functionTests/master/UnicodeEscape_JP.out
+++ b/java/testing/org/apache/derbyTesting/functionTests/master/UnicodeEscape_JP.out
@@ -50,7 +50,7 @@ JINT       |JTIME   |JVARCHAR
 13         |15:34:29|\u8ad6\u7406\u30ed\u30b0 3\u304c\u5b8c\u4e86\u3057\u307e\u3057\u305f\u3002                                                      
 15         |15:35:35|sysmaster\u30c7\u30fc\u30bf\u30d9\u30fc\u30b9\u306e\u4f5c\u6210\u306f\u5b8c\u4e86\u3057\u307e\u3057\u305f\u3002                 
 16         |15:39:10|\u30c1\u30a7\u30c3\u30af\u30dd\u30a4\u30f3\u30c8\u304c\u5b8c\u4e86\u3057\u307e\u3057\u305f:\u7d99\u7d9a\u6642\u9593\u306f 8\u79&
-ij> call SYSCS_UTIL.SYSCS_EXPORT_TABLE ('APP', 'jtest' , 'extout/jtest.unl' , 
+ij> call SYSCS_UTIL.SYSCS_EXPORT_TABLE ('APP', 'JTEST' , 'extout/jtest.unl' , 
                                     null, null,'EUC_JP') ;
 0 rows inserted/updated/deleted
 ij> 
diff --git a/java/testing/org/apache/derbyTesting/functionTests/master/iepnegativetests.out b/java/testing/org/apache/derbyTesting/functionTests/master/iepnegativetests.out
index 4436bd343..33731f5f9 100644
--- a/java/testing/org/apache/derbyTesting/functionTests/master/iepnegativetests.out
+++ b/java/testing/org/apache/derbyTesting/functionTests/master/iepnegativetests.out
@@ -7,16 +7,16 @@ ij> insert into iep.t1 values(100) , (101) , (102) , (103) , (104) , (105) , (10
 7 rows inserted/updated/deleted
 ij> --export error cases
 --export can not create file
-call SYSCS_UTIL.SYSCS_EXPORT_TABLE ('iep', 't1' , 'nodir/t1.dat' , 
+call SYSCS_UTIL.SYSCS_EXPORT_TABLE ('IEP', 'T1' , 'nodir/t1.dat' , 
                                  null, null, null) ;
 ERROR XIE0I: An IOException occurred while writing data to the file.
 ij> --export table not found
-call SYSCS_UTIL.SYSCS_EXPORT_TABLE ('iep', 'NOTABLE' , 'extinout/t1.dat' , 
+call SYSCS_UTIL.SYSCS_EXPORT_TABLE ('IEP', 'NOTABLE' , 'extinout/t1.dat' , 
                                  null, null, null) ;
 ERROR 38000: The exception 'SQL Exception: Table 'IEP.NOTABLE' does not exist.' was thrown while evaluating an expression.
 ERROR 42X05: Table 'IEP.NOTABLE' does not exist.
 ij> ---export schema is not valid
-call SYSCS_UTIL.SYSCS_EXPORT_TABLE ('XXXX', 't1' , 'extinout/t1.dat' , 
+call SYSCS_UTIL.SYSCS_EXPORT_TABLE ('XXXX', 'T1' , 'extinout/t1.dat' , 
                                  null, null, null) ;
 ERROR 38000: The exception 'SQL Exception: Schema 'XXXX' does not exist' was thrown while evaluating an expression.
 ERROR 42Y07: Schema 'XXXX' does not exist
@@ -29,52 +29,52 @@ ij> --export codeset is invalid
 call SYSCS_UTIL.SYSCS_EXPORT_QUERY('select * from iep.t1', 
                                     'extinout/t1.dat' , null, null, 'NOSUCHCODESET') ;
 ERROR XIE0I: An IOException occurred while writing data to the file.
-ij> call SYSCS_UTIL.SYSCS_EXPORT_TABLE ('XXXX', 't1' , 'extinout/t1.dat' , 
+ij> call SYSCS_UTIL.SYSCS_EXPORT_TABLE ('XXXX', 'T1' , 'extinout/t1.dat' , 
                                  null, null, null) ;
 ERROR 38000: The exception 'SQL Exception: Schema 'XXXX' does not exist' was thrown while evaluating an expression.
 ERROR 42Y07: Schema 'XXXX' does not exist
 ij> --export delimiter errror cases
 --period can not be used as character ot column delimiter
-call SYSCS_UTIL.SYSCS_EXPORT_TABLE ('iep', 't1' , 'extinout/t1.dat' , 
+call SYSCS_UTIL.SYSCS_EXPORT_TABLE ('IEP', 'T1' , 'extinout/t1.dat' , 
                                  null, '.', null) ;
 ERROR XIE0K: The period was specified as a character string delimiter.
-ij> call SYSCS_UTIL.SYSCS_EXPORT_TABLE ('iep', 't1' , 'extinout/t1.dat' , 
+ij> call SYSCS_UTIL.SYSCS_EXPORT_TABLE ('IEP', 'T1' , 'extinout/t1.dat' , 
                                  '.', null, null) ;
 ERROR XIE0J: A delimiter is not valid or is used more than once.
 ij> --same delimter can not be used as character and column delimters
-call SYSCS_UTIL.SYSCS_EXPORT_TABLE ('iep', 't1' , 'extinout/t1.dat' , 
+call SYSCS_UTIL.SYSCS_EXPORT_TABLE ('IEP', 'T1' , 'extinout/t1.dat' , 
                                  ';', ';', null) ;
 ERROR XIE0J: A delimiter is not valid or is used more than once.
 ij> --space character can not be a delimiter
-call SYSCS_UTIL.SYSCS_EXPORT_TABLE ('iep', 't1' , 'extinout/t1.dat' , 
+call SYSCS_UTIL.SYSCS_EXPORT_TABLE ('IEP', 'T1' , 'extinout/t1.dat' , 
                                  ' ', ';', null) ;
 ERROR XIE0J: A delimiter is not valid or is used more than once.
-ij> call SYSCS_UTIL.SYSCS_EXPORT_TABLE ('iep', 't1' , 'extinout/t1.dat' , 
+ij> call SYSCS_UTIL.SYSCS_EXPORT_TABLE ('IEP', 'T1' , 'extinout/t1.dat' , 
                                  null, ' ', null) ;
 ERROR XIE0J: A delimiter is not valid or is used more than once.
 ij> --if emtry strinng is passed actual value delimiter should be space
 --and the that should become a invalid delimiter 
-call SYSCS_UTIL.SYSCS_EXPORT_TABLE ('iep', 't1' , 'extinout/t1.dat' , 
+call SYSCS_UTIL.SYSCS_EXPORT_TABLE ('IEP', 'T1' , 'extinout/t1.dat' , 
                                  '', ';', null) ;
 ERROR XIE0J: A delimiter is not valid or is used more than once.
-ij> call SYSCS_UTIL.SYSCS_EXPORT_TABLE ('iep', 't1' , 'extinout/t1.dat' , 
+ij> call SYSCS_UTIL.SYSCS_EXPORT_TABLE ('IEP', 'T1' , 'extinout/t1.dat' , 
                                  null, '', null) ;
 ERROR XIE0J: A delimiter is not valid or is used more than once.
 ij> --more than one character passed to the delimiters get truncated to one
 --following one should give error because eventually '\' delimiter 
 --is used a both for char and col
-call SYSCS_UTIL.SYSCS_EXPORT_TABLE ('iep', 't1' , 'extinout/t1.dat' , 
+call SYSCS_UTIL.SYSCS_EXPORT_TABLE ('IEP', 'T1' , 'extinout/t1.dat' , 
                                  '\a', '\', null) ;
 ERROR XIE0J: A delimiter is not valid or is used more than once.
 ij> --DO A VALID EXPORT AND  IMPORT 
 set schema iep;
 0 rows inserted/updated/deleted
-ij> call SYSCS_UTIL.SYSCS_EXPORT_TABLE ('iep', 't1' , 'extinout/t1.dat' , 
+ij> call SYSCS_UTIL.SYSCS_EXPORT_TABLE ('IEP', 'T1' , 'extinout/t1.dat' , 
                                  null, null, 'utf-8') ;
 0 rows inserted/updated/deleted
 ij> delete from t1 ;
 7 rows inserted/updated/deleted
-ij> call SYSCS_UTIL.SYSCS_IMPORT_TABLE('iep', 't1' , 'extinout/t1.dat' , 
+ij> call SYSCS_UTIL.SYSCS_IMPORT_TABLE('IEP', 'T1' , 'extinout/t1.dat' , 
                                  null, null, null, 0) ;
 0 rows inserted/updated/deleted
 ij> select * from t1;
@@ -89,21 +89,21 @@ A
 106        
 ij> --import error cases
 --import can not find input file
-call SYSCS_UTIL.SYSCS_IMPORT_TABLE('iep', 't1' , 'nodir/t1.dat' , 
+call SYSCS_UTIL.SYSCS_IMPORT_TABLE('IEP', 'T1' , 'nodir/t1.dat' , 
                                  null, null, null, 0) ;
 ERROR 38000: The exception 'SQL Exception: The exception 'java.lang.reflect.InvocationTargetException' was thrown while evaluating an expression.' was thrown while evaluating an expression.
 ERROR 38000: The exception 'java.lang.reflect.InvocationTargetException' was thrown while evaluating an expression.
 ERROR XJ001: Java exception: ': java.lang.reflect.InvocationTargetException'.
 ERROR XIE04: Data file not found: nodir/t1.dat
 ij> --import table not found
-call SYSCS_UTIL.SYSCS_IMPORT_TABLE ('iep', 'NOTABLE' , 'extinout/t1.dat' , 
+call SYSCS_UTIL.SYSCS_IMPORT_TABLE ('IEP', 'NOTABLE' , 'extinout/t1.dat' , 
                                  null, null, null, 0) ;
 ERROR XIE0M: Table 'IEP.NOTABLE' does not exist.  
 ij> --import schema is not valid
-call SYSCS_UTIL.SYSCS_IMPORT_TABLE ('XXXX', 't1' , 'extinout/t1.dat' , 
+call SYSCS_UTIL.SYSCS_IMPORT_TABLE ('XXXX', 'T1' , 'extinout/t1.dat' , 
                                  null, null, null, 0) ;
 ERROR XIE0M: Table 'XXXX.T1' does not exist.  
-ij> call SYSCS_UTIL.SYSCS_IMPORT_TABLE ('iep', 't1' , 'extinout/t1.dat' , 
+ij> call SYSCS_UTIL.SYSCS_IMPORT_TABLE ('IEP', 'T1' , 'extinout/t1.dat' , 
                                  null, null, 'INCORRECTCODESET', 0) ;
 ERROR 38000: The exception 'SQL Exception: The exception 'java.lang.reflect.InvocationTargetException' was thrown while evaluating an expression.' was thrown while evaluating an expression.
 ERROR 38000: The exception 'java.lang.reflect.InvocationTargetException' was thrown while evaluating an expression.
@@ -112,20 +112,20 @@ ERROR XJ001: Java exception: 'java.io.UnsupportedEncodingException: INCORRECTCOD
 ij> --check import with invalid delimiter usage
 --if emtry strinng is passed actual value delimiter should be space
 --and the that should become a invalid delimiter 
-call SYSCS_UTIL.SYSCS_IMPORT_TABLE ('iep', 't1' , 'extinout/t1.dat' , 
+call SYSCS_UTIL.SYSCS_IMPORT_TABLE ('IEP', 'T1' , 'extinout/t1.dat' , 
                                  '', ';', null, 0) ;
 ERROR 38000: The exception 'SQL Exception: The exception 'java.lang.reflect.InvocationTargetException' was thrown while evaluating an expression.' was thrown while evaluating an expression.
 ERROR 38000: The exception 'java.lang.reflect.InvocationTargetException' was thrown while evaluating an expression.
 ERROR XJ001: Java exception: ': java.lang.reflect.InvocationTargetException'.
 ERROR XIE0J: A delimiter is not valid or is used more than once.
-ij> call SYSCS_UTIL.SYSCS_IMPORT_TABLE ('iep', 't1' , 'extinout/t1.dat' , 
+ij> call SYSCS_UTIL.SYSCS_IMPORT_TABLE ('IEP', 'T1' , 'extinout/t1.dat' , 
                                  null, '', null, 0) ;
 ERROR 38000: The exception 'SQL Exception: The exception 'java.lang.reflect.InvocationTargetException' was thrown while evaluating an expression.' was thrown while evaluating an expression.
 ERROR 38000: The exception 'java.lang.reflect.InvocationTargetException' was thrown while evaluating an expression.
 ERROR XJ001: Java exception: ': java.lang.reflect.InvocationTargetException'.
 ERROR XIE0J: A delimiter is not valid or is used more than once.
 ij> --same delimter can not be used as character and column delimters
-call SYSCS_UTIL.SYSCS_IMPORT_TABLE ('iep', 't1' , 'extinout/t1.dat' , 
+call SYSCS_UTIL.SYSCS_IMPORT_TABLE ('IEP', 'T1' , 'extinout/t1.dat' , 
                                  ';', ';', null, 1) ;
 ERROR 38000: The exception 'SQL Exception: The exception 'java.lang.reflect.InvocationTargetException' was thrown while evaluating an expression.' was thrown while evaluating an expression.
 ERROR 38000: The exception 'java.lang.reflect.InvocationTargetException' was thrown while evaluating an expression.
@@ -148,7 +148,7 @@ C1
 5          
 6          
 ij> --export to from a temporary table
-call SYSCS_UTIL.SYSCS_EXPORT_TABLE ('session', 'temp1' , 'extinout/temp1.dat' , 
+call SYSCS_UTIL.SYSCS_EXPORT_TABLE ('SESSION', 'TEMP1' , 'extinout/temp1.dat' , 
                            null, null, null) ;
 0 rows inserted/updated/deleted
 ij> -- because temporary table has on commit preserve rows, commit issued by export will not delete data from the temp table.
@@ -162,7 +162,7 @@ C1
 5          
 6          
 ij> --import back to a regualr table
-call SYSCS_UTIL.SYSCS_IMPORT_TABLE ('iep', 'v1' , 'extinout/temp1.dat' , 
+call SYSCS_UTIL.SYSCS_IMPORT_TABLE ('IEP', 'V1' , 'extinout/temp1.dat' , 
                                  null, null, null, 0) ;
 0 rows inserted/updated/deleted
 ij> select * from v1;
@@ -178,7 +178,7 @@ ij> commit;
 ij> --import to a temp table should fail with a table not found errror
 declare global temporary table session.temp2(c1 int) not logged;
 0 rows inserted/updated/deleted
-ij> call SYSCS_UTIL.SYSCS_IMPORT_TABLE ('session', 'temp2' , 'extinout/temp1.dat' , 
+ij> call SYSCS_UTIL.SYSCS_IMPORT_TABLE ('SESSION', 'TEMP2' , 'extinout/temp1.dat' , 
                                  null, null, null, 0) ;
 ERROR XIE0M: Table 'SESSION.TEMP2' does not exist.  
 ij> select * from session.temp2 ;
@@ -197,10 +197,10 @@ ij> insert into t3 values(3 , 3.5 , 8.6 , 'test strings');
 1 row inserted/updated/deleted
 ij> insert into t3 values(4 , 3.5 , 8.6 , 'test strings');
 1 row inserted/updated/deleted
-ij> call SYSCS_UTIL.SYSCS_EXPORT_TABLE ('iep', 't3' , 'extinout/t3.dat' , 
+ij> call SYSCS_UTIL.SYSCS_EXPORT_TABLE ('IEP', 'T3' , 'extinout/t3.dat' , 
                                  null, null, null) ;
 0 rows inserted/updated/deleted
-ij> call SYSCS_UTIL.SYSCS_IMPORT_TABLE ('iep', 't3' , 'extinout/t3.dat' , 
+ij> call SYSCS_UTIL.SYSCS_IMPORT_TABLE ('IEP', 'T3' , 'extinout/t3.dat' , 
                                  null, null, null, 0) ;
 0 rows inserted/updated/deleted
 ij> select * from t3;
@@ -215,26 +215,26 @@ C1         |C2                    |C3    |C4
 3          |3.5                   |8     |test strings        
 4          |3.5                   |8     |test strings        
 ij> --import data column names are incorrect
-call SYSCS_UTIL.SYSCS_IMPORT_DATA('iep', 't3' , 'x1, x2, x3, x4', null,
+call SYSCS_UTIL.SYSCS_IMPORT_DATA('IEP', 'T3' , 'X1, X2, X3, X4', null,
                                  'extinout/t3.dat' , 
                                  null, null, null, 0) ;
-ERROR XIE08: There is no column named: x1.  
-ij> call SYSCS_UTIL.SYSCS_IMPORT_DATA('iep', 't3' , 'x1, x2, x3', '1,2,3,4', 
+ERROR XIE08: There is no column named: X1.  
+ij> call SYSCS_UTIL.SYSCS_IMPORT_DATA('IEP', 'T3' , 'X1, X2, X3', '1,2,3,4', 
                                  'extinout/t3.dat' , 
                                  null, null, null, 0) ;
-ERROR XIE08: There is no column named: x1.  
+ERROR XIE08: There is no column named: X1.  
 ij> --import data insert column names count < column indexes does not match
-call SYSCS_UTIL.SYSCS_IMPORT_DATA('iep', 't3' , 'c1, c2, c3', '1,2,3,4', 
+call SYSCS_UTIL.SYSCS_IMPORT_DATA('IEP', 'T3' , 'C1, C2, C3', '1,2,3,4', 
                                  'extinout/t3.dat' , 
                                  null, null, null, 0) ;
 0 rows inserted/updated/deleted
 ij> --import data column indexes count > insert columns count
-call SYSCS_UTIL.SYSCS_IMPORT_DATA('iep', 't3' , 'c1, c2, c3,c4', '1,2', 
+call SYSCS_UTIL.SYSCS_IMPORT_DATA('IEP', 'T3' , 'C1, C2, C3,C4', '1,2', 
                                  'extinout/t3.dat' , 
                                  null, null, null, 0) ;
 ERROR 38000: The exception 'SQL Exception: The number of values assigned is not the same as the number of specified or implied columns.' was thrown while evaluating an expression.
 ERROR 42802: The number of values assigned is not the same as the number of specified or implied columns.
-ij> call SYSCS_UTIL.SYSCS_IMPORT_DATA('iep', 't3' , null, '11,22,12,24', 
+ij> call SYSCS_UTIL.SYSCS_IMPORT_DATA('IEP', 'T3' , null, '11,22,12,24', 
                                  'extinout/t3.dat' , 
 				 null, null, null, 0) ;
 ERROR 38000: The exception 'SQL Exception: Column 'COLUMN11' is either not in any table in the FROM list or appears within a join specification and is outside the scope of the join specification or appears in a HAVING clause and is not in the GROUP BY list. If this is a CREATE or ALTER TABLE  statement then 'COLUMN11' is not a column in the target table.' was thrown while evaluating an expression.
@@ -242,31 +242,31 @@ ERROR 42X04: Column 'COLUMN11' is either not in any table in the FROM list or ap
 ij> --repeat the above type cases with empty file and minor variation to paramters
 delete from t3 ;
 12 rows inserted/updated/deleted
-ij> call SYSCS_UTIL.SYSCS_EXPORT_TABLE ('iep', 't3' , 'extinout/t3.dat' , 
+ij> call SYSCS_UTIL.SYSCS_EXPORT_TABLE ('IEP', 'T3' , 'extinout/t3.dat' , 
                                   ';', '^', 'utf-16') ;
 0 rows inserted/updated/deleted
 ij> --import data column names are incorrect
-call SYSCS_UTIL.SYSCS_IMPORT_DATA('iep', 't3' , 'x1, x2, x3, x4', null, 
+call SYSCS_UTIL.SYSCS_IMPORT_DATA('IEP', 'T3' , 'X1, X2, X3, X4', null, 
                                  'extinout/t3.dat' , 
                                  ';', '^', 'utf-16', 1) ;
-ERROR XIE08: There is no column named: x1.  
-ij> call SYSCS_UTIL.SYSCS_IMPORT_DATA('iep', 't3' , 'x1, x2, x3', '1,2,3,4', 
+ERROR XIE08: There is no column named: X1.  
+ij> call SYSCS_UTIL.SYSCS_IMPORT_DATA('IEP', 'T3' , 'X1, X2, X3', '1,2,3,4', 
                                  'extinout/t3.dat' , 
 				    ';', '^', 'utf-16', 1) ;
-ERROR XIE08: There is no column named: x1.  
+ERROR XIE08: There is no column named: X1.  
 ij> --import data insert column names count < column indexes does not match
-call SYSCS_UTIL.SYSCS_IMPORT_DATA('iep', 't3' , 'c1, c2, c3', null, 
+call SYSCS_UTIL.SYSCS_IMPORT_DATA('IEP', 'T3' , 'C1, C2, C3', null, 
                                  'extinout/t3.dat' , 
 				    ';', '^', 'utf-16', 1) ;
 0 rows inserted/updated/deleted
 ij> --import data column indexes count > insert columns count
-call SYSCS_UTIL.SYSCS_IMPORT_DATA('iep', 't3' , null, '1,2', 
+call SYSCS_UTIL.SYSCS_IMPORT_DATA('IEP', 'T3' , null, '1,2', 
                                  'extinout/t3.dat' , 
 				    ';', '^', 'utf-16', 1) ;
 ERROR 38000: The exception 'SQL Exception: The number of values assigned is not the same as the number of specified or implied columns.' was thrown while evaluating an expression.
 ERROR 42802: The number of values assigned is not the same as the number of specified or implied columns.
 ij> --specify column indexes that are not there in the file that is being  imported
-call SYSCS_UTIL.SYSCS_IMPORT_DATA('iep', 't3' , null, '11,22,12,24', 
+call SYSCS_UTIL.SYSCS_IMPORT_DATA('IEP', 'T3' , null, '11,22,12,24', 
                                  'extinout/t3.dat' , 
 				    ';', '^', 'utf-16', 1) ;
 0 rows inserted/updated/deleted
@@ -280,17 +280,17 @@ create table ntype(a int , ct CLOB(1024));
 0 rows inserted/updated/deleted
 ij> create table ntype1(bt BLOB(1024) , a int);
 0 rows inserted/updated/deleted
-ij> call SYSCS_UTIL.SYSCS_EXPORT_TABLE ('iep', 'ntype' , 'extinout/ntype.dat' , 
+ij> call SYSCS_UTIL.SYSCS_EXPORT_TABLE ('IEP', 'NTYPE' , 'extinout/ntype.dat' , 
                                  null, null, null) ;
 ERROR XIE0B: Column 'CT' in the table is of type CLOB, it is not supported by the import/export feature.   
 ij> call SYSCS_UTIL.SYSCS_EXPORT_QUERY('select * from iep.ntype1',
 				   'extinout/ntype.dat' , 
                                    null, null, null) ;
 ERROR XIE0B: Column 'BT' in the table is of type BLOB, it is not supported by the import/export feature.   
-ij> call SYSCS_UTIL.SYSCS_IMPORT_TABLE ('iep', 'ntype' , 'extinout/ntype.dat' , 
+ij> call SYSCS_UTIL.SYSCS_IMPORT_TABLE ('IEP', 'NTYPE' , 'extinout/ntype.dat' , 
                                  null, null, null, 0) ;
 ERROR XIE0B: Column 'CT' in the table is of type CLOB, it is not supported by the import/export feature.   
-ij> call SYSCS_UTIL.SYSCS_IMPORT_DATA('iep', 'ntype1' , null , null, 
+ij> call SYSCS_UTIL.SYSCS_IMPORT_DATA('IEP', 'NTYPE1' , null , null, 
                                  'extinout/ntype.dat' , 
                                  null, null, null, 0) ;
 ERROR XIE0B: Column 'BT' in the table is of type BLOB, it is not supported by the import/export feature.   
@@ -313,7 +313,7 @@ ij(C2)> autocommit off;
 ij(C2)> --following import should fail with lock time out
 call SYSCS_UTIL.SYSCS_SET_DATABASE_PROPERTY('derby.locks.waitTimeout', '5');
 0 rows inserted/updated/deleted
-ij(C2)> CALL SYSCS_UTIL.SYSCS_IMPORT_TABLE('iep', 'parent', 'extinout/parent.del',null, null, null,1);
+ij(C2)> CALL SYSCS_UTIL.SYSCS_IMPORT_TABLE('IEP', 'PARENT', 'extinout/parent.del',null, null, null,1);
 ERROR 38000: The exception 'SQL Exception: Table 'IEP.PARENT' cannot be locked in 'EXCLUSIVE' mode.' was thrown while evaluating an expression.
 ERROR X0X02: Table 'IEP.PARENT' cannot be locked in 'EXCLUSIVE' mode.
 ERROR 40XL1: A lock could not be obtained within the time requested
diff --git a/java/testing/org/apache/derbyTesting/functionTests/master/iepnegativetests_ES.out b/java/testing/org/apache/derbyTesting/functionTests/master/iepnegativetests_ES.out
index 456b3b651..0d4f36b14 100644
--- a/java/testing/org/apache/derbyTesting/functionTests/master/iepnegativetests_ES.out
+++ b/java/testing/org/apache/derbyTesting/functionTests/master/iepnegativetests_ES.out
@@ -11,16 +11,16 @@ ij> insert into iep.t1 values(100) , (101) , (102) , (103) , (104) , (105) , (10
 7 rows inserted/updated/deleted
 ij> --export error cases
 --export can not create file
-call SYSCS_UTIL.SYSCS_EXPORT_TABLE ('iep', 't1' , 'nodir/t1.dat' , 
+call SYSCS_UTIL.SYSCS_EXPORT_TABLE ('IEP', 'T1' , 'nodir/t1.dat' , 
                                  null, null, null) ;
 ERROR XIE0I: Se ha obtenido una excepci EnC:>243< n de E/S al grabar datos en el archivo
 ij> --export table not found
-call SYSCS_UTIL.SYSCS_EXPORT_TABLE ('iep', 'NOTABLE' , 'extinout/t1.dat' , 
+call SYSCS_UTIL.SYSCS_EXPORT_TABLE ('IEP', 'NOTABLE' , 'extinout/t1.dat' , 
                                  null, null, null) ;
 ERROR 38000: Se he generado la excepci EnC:>243< n 'SQL Exception: La tabla 'IEP.NOTABLE' no existe.' al evaluar una expresi EnC:>243< n.
 ERROR 42X05: La tabla 'IEP.NOTABLE' no existe.
 ij> ---export schema is not valid
-call SYSCS_UTIL.SYSCS_EXPORT_TABLE ('XXXX', 't1' , 'extinout/t1.dat' , 
+call SYSCS_UTIL.SYSCS_EXPORT_TABLE ('XXXX', 'T1' , 'extinout/t1.dat' , 
                                  null, null, null) ;
 ERROR 38000: Se he generado la excepci EnC:>243< n 'SQL Exception: El esquema 'XXXX' no existe' al evaluar una expresi EnC:>243< n.
 ERROR 42Y07: El esquema 'XXXX' no existe
@@ -33,52 +33,52 @@ ij> --export codeset is invalid
 call SYSCS_UTIL.SYSCS_EXPORT_QUERY('select * from iep.t1', 
                                     'extinout/t1.dat' , null, null, 'NOSUCHCODESET') ;
 ERROR XIE0I: Se ha obtenido una excepci EnC:>243< n de E/S al grabar datos en el archivo
-ij> call SYSCS_UTIL.SYSCS_EXPORT_TABLE ('XXXX', 't1' , 'extinout/t1.dat' , 
+ij> call SYSCS_UTIL.SYSCS_EXPORT_TABLE ('XXXX', 'T1' , 'extinout/t1.dat' , 
                                  null, null, null) ;
 ERROR 38000: Se he generado la excepci EnC:>243< n 'SQL Exception: El esquema 'XXXX' no existe' al evaluar una expresi EnC:>243< n.
 ERROR 42Y07: El esquema 'XXXX' no existe
 ij> --export delimiter errror cases
 --period can not be used as character ot column delimiter
-call SYSCS_UTIL.SYSCS_EXPORT_TABLE ('iep', 't1' , 'extinout/t1.dat' , 
+call SYSCS_UTIL.SYSCS_EXPORT_TABLE ('IEP', 'T1' , 'extinout/t1.dat' , 
                                  null, '.', null) ;
 ERROR XIE0K: El punto se ha especificado como un delimitador de serie de caracteres.
-ij> call SYSCS_UTIL.SYSCS_EXPORT_TABLE ('iep', 't1' , 'extinout/t1.dat' , 
+ij> call SYSCS_UTIL.SYSCS_EXPORT_TABLE ('IEP', 'T1' , 'extinout/t1.dat' , 
                                  '.', null, null) ;
 ERROR XIE0J: Un delimitador no es v EnC:>225< lido o se ha utilizado m EnC:>225< s de una vez.
 ij> --same delimter can not be used as character and column delimters
-call SYSCS_UTIL.SYSCS_EXPORT_TABLE ('iep', 't1' , 'extinout/t1.dat' , 
+call SYSCS_UTIL.SYSCS_EXPORT_TABLE ('IEP', 'T1' , 'extinout/t1.dat' , 
                                  ';', ';', null) ;
 ERROR XIE0J: Un delimitador no es v EnC:>225< lido o se ha utilizado m EnC:>225< s de una vez.
 ij> --space character can not be a delimiter
-call SYSCS_UTIL.SYSCS_EXPORT_TABLE ('iep', 't1' , 'extinout/t1.dat' , 
+call SYSCS_UTIL.SYSCS_EXPORT_TABLE ('IEP', 'T1' , 'extinout/t1.dat' , 
                                  ' ', ';', null) ;
 ERROR XIE0J: Un delimitador no es v EnC:>225< lido o se ha utilizado m EnC:>225< s de una vez.
-ij> call SYSCS_UTIL.SYSCS_EXPORT_TABLE ('iep', 't1' , 'extinout/t1.dat' , 
+ij> call SYSCS_UTIL.SYSCS_EXPORT_TABLE ('IEP', 'T1' , 'extinout/t1.dat' , 
                                  null, ' ', null) ;
 ERROR XIE0J: Un delimitador no es v EnC:>225< lido o se ha utilizado m EnC:>225< s de una vez.
 ij> --if emtry strinng is passed actual value delimiter should be space
 --and the that should become a invalid delimiter 
-call SYSCS_UTIL.SYSCS_EXPORT_TABLE ('iep', 't1' , 'extinout/t1.dat' , 
+call SYSCS_UTIL.SYSCS_EXPORT_TABLE ('IEP', 'T1' , 'extinout/t1.dat' , 
                                  '', ';', null) ;
 ERROR XIE0J: Un delimitador no es v EnC:>225< lido o se ha utilizado m EnC:>225< s de una vez.
-ij> call SYSCS_UTIL.SYSCS_EXPORT_TABLE ('iep', 't1' , 'extinout/t1.dat' , 
+ij> call SYSCS_UTIL.SYSCS_EXPORT_TABLE ('IEP', 'T1' , 'extinout/t1.dat' , 
                                  null, '', null) ;
 ERROR XIE0J: Un delimitador no es v EnC:>225< lido o se ha utilizado m EnC:>225< s de una vez.
 ij> --more than one character passed to the delimiters get truncated to one
 --following one should give error because eventually '\' delimiter 
 --is used a both for char and col
-call SYSCS_UTIL.SYSCS_EXPORT_TABLE ('iep', 't1' , 'extinout/t1.dat' , 
+call SYSCS_UTIL.SYSCS_EXPORT_TABLE ('IEP', 'T1' , 'extinout/t1.dat' , 
                                  '\a', '\', null) ;
 ERROR XIE0J: Un delimitador no es v EnC:>225< lido o se ha utilizado m EnC:>225< s de una vez.
 ij> --DO A VALID EXPORT AND  IMPORT 
 set schema iep;
 0 rows inserted/updated/deleted
-ij> call SYSCS_UTIL.SYSCS_EXPORT_TABLE ('iep', 't1' , 'extinout/t1.dat' , 
+ij> call SYSCS_UTIL.SYSCS_EXPORT_TABLE ('IEP', 'T1' , 'extinout/t1.dat' , 
                                  null, null, 'utf-8') ;
 0 rows inserted/updated/deleted
 ij> delete from t1 ;
 7 rows inserted/updated/deleted
-ij> call SYSCS_UTIL.SYSCS_IMPORT_TABLE('iep', 't1' , 'extinout/t1.dat' , 
+ij> call SYSCS_UTIL.SYSCS_IMPORT_TABLE('IEP', 'T1' , 'extinout/t1.dat' , 
                                  null, null, null, 0) ;
 0 rows inserted/updated/deleted
 ij> select * from t1;
@@ -94,21 +94,21 @@ A
 7 rows selected
 ij> --import error cases
 --import can not find input file
-call SYSCS_UTIL.SYSCS_IMPORT_TABLE('iep', 't1' , 'nodir/t1.dat' , 
+call SYSCS_UTIL.SYSCS_IMPORT_TABLE('IEP', 'T1' , 'nodir/t1.dat' , 
                                  null, null, null, 0) ;
 ERROR 38000: Se he generado la excepci EnC:>243< n 'SQL Exception: Se he generado la excepci EnC:>243< n 'java.lang.reflect.InvocationTargetException' al evaluar una expresi EnC:>243< n.' al evaluar una expresi EnC:>243< n.
 ERROR 38000: Se he generado la excepci EnC:>243< n 'java.lang.reflect.InvocationTargetException' al evaluar una expresi EnC:>243< n.
 ERROR XJ001: Excepci EnC:>243< n Java: ': java.lang.reflect.InvocationTargetException'.
 ERROR XIE04: Archivo de datos no encontrado: nodir/t1.dat
 ij> --import table not found
-call SYSCS_UTIL.SYSCS_IMPORT_TABLE ('iep', 'NOTABLE' , 'extinout/t1.dat' , 
+call SYSCS_UTIL.SYSCS_IMPORT_TABLE ('IEP', 'NOTABLE' , 'extinout/t1.dat' , 
                                  null, null, null, 0) ;
 ERROR XIE0M: La tabla 'IEP.NOTABLE' no existe.
 ij> --import schema is not valid
-call SYSCS_UTIL.SYSCS_IMPORT_TABLE ('XXXX', 't1' , 'extinout/t1.dat' , 
+call SYSCS_UTIL.SYSCS_IMPORT_TABLE ('XXXX', 'T1' , 'extinout/t1.dat' , 
                                  null, null, null, 0) ;
 ERROR XIE0M: La tabla 'XXXX.T1' no existe.
-ij> call SYSCS_UTIL.SYSCS_IMPORT_TABLE ('iep', 't1' , 'extinout/t1.dat' , 
+ij> call SYSCS_UTIL.SYSCS_IMPORT_TABLE ('IEP', 'T1' , 'extinout/t1.dat' , 
                                  null, null, 'INCORRECTCODESET', 0) ;
 ERROR 38000: Se he generado la excepci EnC:>243< n 'SQL Exception: Se he generado la excepci EnC:>243< n 'java.lang.reflect.InvocationTargetException' al evaluar una expresi EnC:>243< n.' al evaluar una expresi EnC:>243< n.
 ERROR 38000: Se he generado la excepci EnC:>243< n 'java.lang.reflect.InvocationTargetException' al evaluar una expresi EnC:>243< n.
@@ -117,20 +117,20 @@ ERROR XJ001: Excepci EnC:>243< n Java: 'java.io.UnsupportedEncodingException: IN
 ij> --check import with invalid delimiter usage
 --if emtry strinng is passed actual value delimiter should be space
 --and the that should become a invalid delimiter 
-call SYSCS_UTIL.SYSCS_IMPORT_TABLE ('iep', 't1' , 'extinout/t1.dat' , 
+call SYSCS_UTIL.SYSCS_IMPORT_TABLE ('IEP', 'T1' , 'extinout/t1.dat' , 
                                  '', ';', null, 0) ;
 ERROR 38000: Se he generado la excepci EnC:>243< n 'SQL Exception: Se he generado la excepci EnC:>243< n 'java.lang.reflect.InvocationTargetException' al evaluar una expresi EnC:>243< n.' al evaluar una expresi EnC:>243< n.
 ERROR 38000: Se he generado la excepci EnC:>243< n 'java.lang.reflect.InvocationTargetException' al evaluar una expresi EnC:>243< n.
 ERROR XJ001: Excepci EnC:>243< n Java: ': java.lang.reflect.InvocationTargetException'.
 ERROR XIE0J: Un delimitador no es v EnC:>225< lido o se ha utilizado m EnC:>225< s de una vez.
-ij> call SYSCS_UTIL.SYSCS_IMPORT_TABLE ('iep', 't1' , 'extinout/t1.dat' , 
+ij> call SYSCS_UTIL.SYSCS_IMPORT_TABLE ('IEP', 'T1' , 'extinout/t1.dat' , 
                                  null, '', null, 0) ;
 ERROR 38000: Se he generado la excepci EnC:>243< n 'SQL Exception: Se he generado la excepci EnC:>243< n 'java.lang.reflect.InvocationTargetException' al evaluar una expresi EnC:>243< n.' al evaluar una expresi EnC:>243< n.
 ERROR 38000: Se he generado la excepci EnC:>243< n 'java.lang.reflect.InvocationTargetException' al evaluar una expresi EnC:>243< n.
 ERROR XJ001: Excepci EnC:>243< n Java: ': java.lang.reflect.InvocationTargetException'.
 ERROR XIE0J: Un delimitador no es v EnC:>225< lido o se ha utilizado m EnC:>225< s de una vez.
 ij> --same delimter can not be used as character and column delimters
-call SYSCS_UTIL.SYSCS_IMPORT_TABLE ('iep', 't1' , 'extinout/t1.dat' , 
+call SYSCS_UTIL.SYSCS_IMPORT_TABLE ('IEP', 'T1' , 'extinout/t1.dat' , 
                                  ';', ';', null, 1) ;
 ERROR 38000: Se he generado la excepci EnC:>243< n 'SQL Exception: Se he generado la excepci EnC:>243< n 'java.lang.reflect.InvocationTargetException' al evaluar una expresi EnC:>243< n.' al evaluar una expresi EnC:>243< n.
 ERROR 38000: Se he generado la excepci EnC:>243< n 'java.lang.reflect.InvocationTargetException' al evaluar una expresi EnC:>243< n.
@@ -154,7 +154,7 @@ C1
 6          
 6 rows selected
 ij> --export to from a temporary table
-call SYSCS_UTIL.SYSCS_EXPORT_TABLE ('session', 'temp1' , 'extinout/temp1.dat' , 
+call SYSCS_UTIL.SYSCS_EXPORT_TABLE ('SESSION', 'TEMP1' , 'extinout/temp1.dat' , 
                            null, null, null) ;
 0 rows inserted/updated/deleted
 ij> -- because temporary table has on commit preserve rows, commit issued by export will not delete data from the temp table.
@@ -169,7 +169,7 @@ C1
 6          
 6 rows selected
 ij> --import back to a regualr table
-call SYSCS_UTIL.SYSCS_IMPORT_TABLE ('iep', 'v1' , 'extinout/temp1.dat' , 
+call SYSCS_UTIL.SYSCS_IMPORT_TABLE ('IEP', 'V1' , 'extinout/temp1.dat' , 
                                  null, null, null, 0) ;
 0 rows inserted/updated/deleted
 ij> select * from v1;
@@ -186,7 +186,7 @@ ij> commit;
 ij> --import to a temp table should fail with a table not found errror
 declare global temporary table session.temp2(c1 int) not logged;
 0 rows inserted/updated/deleted
-ij> call SYSCS_UTIL.SYSCS_IMPORT_TABLE ('session', 'temp2' , 'extinout/temp1.dat' , 
+ij> call SYSCS_UTIL.SYSCS_IMPORT_TABLE ('SESSION', 'TEMP2' , 'extinout/temp1.dat' , 
                                  null, null, null, 0) ;
 ERROR XIE0M: La tabla 'SESSION.TEMP2' no existe.
 ij> select * from session.temp2 ;
@@ -205,10 +205,10 @@ ij> insert into t3 values(3 , 3.5 , 8.6 , 'test strings');
 1 row inserted/updated/deleted
 ij> insert into t3 values(4 , 3.5 , 8.6 , 'test strings');
 1 row inserted/updated/deleted
-ij> call SYSCS_UTIL.SYSCS_EXPORT_TABLE ('iep', 't3' , 'extinout/t3.dat' , 
+ij> call SYSCS_UTIL.SYSCS_EXPORT_TABLE ('IEP', 'T3' , 'extinout/t3.dat' , 
                                  null, null, null) ;
 0 rows inserted/updated/deleted
-ij> call SYSCS_UTIL.SYSCS_IMPORT_TABLE ('iep', 't3' , 'extinout/t3.dat' , 
+ij> call SYSCS_UTIL.SYSCS_IMPORT_TABLE ('IEP', 'T3' , 'extinout/t3.dat' , 
                                  null, null, null, 0) ;
 0 rows inserted/updated/deleted
 ij> select * from t3;
@@ -224,26 +224,26 @@ C1         |C2                    |C3    |C4
 4          |3.5                   |8     |test strings        
 8 rows selected
 ij> --import data column names are incorrect
-call SYSCS_UTIL.SYSCS_IMPORT_DATA('iep', 't3' , 'x1, x2, x3, x4', null,
+call SYSCS_UTIL.SYSCS_IMPORT_DATA('IEP', 'T3' , 'X1, X2, X3, X4', null,
                                  'extinout/t3.dat' , 
                                  null, null, null, 0) ;
-ERROR XIE08: No hay ninguna columna de nombre: x1
-ij> call SYSCS_UTIL.SYSCS_IMPORT_DATA('iep', 't3' , 'x1, x2, x3', '1,2,3,4', 
+ERROR XIE08: No hay ninguna columna de nombre: X1
+ij> call SYSCS_UTIL.SYSCS_IMPORT_DATA('IEP', 'T3' , 'X1, X2, X3', '1,2,3,4', 
                                  'extinout/t3.dat' , 
                                  null, null, null, 0) ;
-ERROR XIE08: No hay ninguna columna de nombre: x1
+ERROR XIE08: No hay ninguna columna de nombre: X1
 ij> --import data insert column names count < column indexes does not match
-call SYSCS_UTIL.SYSCS_IMPORT_DATA('iep', 't3' , 'c1, c2, c3', '1,2,3,4', 
+call SYSCS_UTIL.SYSCS_IMPORT_DATA('IEP', 'T3' , 'C1, C2, C3', '1,2,3,4', 
                                  'extinout/t3.dat' , 
                                  null, null, null, 0) ;
 0 rows inserted/updated/deleted
 ij> --import data column indexes count > insert columns count
-call SYSCS_UTIL.SYSCS_IMPORT_DATA('iep', 't3' , 'c1, c2, c3,c4', '1,2', 
+call SYSCS_UTIL.SYSCS_IMPORT_DATA('IEP', 'T3' , 'C1, C2, C3,C4', '1,2', 
                                  'extinout/t3.dat' , 
                                  null, null, null, 0) ;
 ERROR 38000: Se he generado la excepci EnC:>243< n 'SQL Exception: El n EnC:>250< mero de valores asignado no coincide con el n EnC:>250< mero de columnas especificadas o impl EnC:>237< citas.' al evaluar una expresi EnC:>243< n.
 ERROR 42802: El n EnC:>250< mero de valores asignado no coincide con el n EnC:>250< mero de columnas especificadas o impl EnC:>237< citas.
-ij> call SYSCS_UTIL.SYSCS_IMPORT_DATA('iep', 't3' , null, '11,22,12,24', 
+ij> call SYSCS_UTIL.SYSCS_IMPORT_DATA('IEP', 'T3' , null, '11,22,12,24', 
                                  'extinout/t3.dat' , 
  EnC:>9<  EnC:>9<  EnC:>9<  EnC:>9<  null, null, null, 0) ;
 ERROR 38000: Se he generado la excepci EnC:>243< n 'SQL Exception: La columna 'COLUMN11' no est EnC:>225<  en ninguna tabla de la lista FROM o aparece en una especificaci EnC:>243< n de uni EnC:>243< n y est EnC:>225<  fuera del  EnC:>225< mbito de la especificaci EnC:>243< n de uni EnC:>243< n o aparece en una cl EnC:>225< usula HAVING y no est EnC:>225<  en la lista GROUP BY.  Si se trata de una sentencia CREATE o ALTER TABLE entonces 'COLUMN11' no es una columna de la tabla destino.' al evaluar una expresi EnC:>243< n.
@@ -251,31 +251,31 @@ ERROR 42X04: La columna 'COLUMN11' no est EnC:>225<  en ninguna tabla de la list
 ij> --repeat the above type cases with empty file and minor variation to paramters
 delete from t3 ;
 12 rows inserted/updated/deleted
-ij> call SYSCS_UTIL.SYSCS_EXPORT_TABLE ('iep', 't3' , 'extinout/t3.dat' , 
+ij> call SYSCS_UTIL.SYSCS_EXPORT_TABLE ('IEP', 'T3' , 'extinout/t3.dat' , 
                                   ';', '^', 'utf-16') ;
 0 rows inserted/updated/deleted
 ij> --import data column names are incorrect
-call SYSCS_UTIL.SYSCS_IMPORT_DATA('iep', 't3' , 'x1, x2, x3, x4', null, 
+call SYSCS_UTIL.SYSCS_IMPORT_DATA('IEP', 'T3' , 'X1, X2, X3, X4', null, 
                                  'extinout/t3.dat' , 
                                  ';', '^', 'utf-16', 1) ;
-ERROR XIE08: No hay ninguna columna de nombre: x1
-ij> call SYSCS_UTIL.SYSCS_IMPORT_DATA('iep', 't3' , 'x1, x2, x3', '1,2,3,4', 
+ERROR XIE08: No hay ninguna columna de nombre: X1
+ij> call SYSCS_UTIL.SYSCS_IMPORT_DATA('IEP', 'T3' , 'X1, X2, X3', '1,2,3,4', 
                                  'extinout/t3.dat' , 
  EnC:>9<  EnC:>9<  EnC:>9<  EnC:>9<     ';', '^', 'utf-16', 1) ;
-ERROR XIE08: No hay ninguna columna de nombre: x1
+ERROR XIE08: No hay ninguna columna de nombre: X1
 ij> --import data insert column names count < column indexes does not match
-call SYSCS_UTIL.SYSCS_IMPORT_DATA('iep', 't3' , 'c1, c2, c3', null, 
+call SYSCS_UTIL.SYSCS_IMPORT_DATA('IEP', 'T3' , 'C1, C2, C3', null, 
                                  'extinout/t3.dat' , 
  EnC:>9<  EnC:>9<  EnC:>9<  EnC:>9<     ';', '^', 'utf-16', 1) ;
 0 rows inserted/updated/deleted
 ij> --import data column indexes count > insert columns count
-call SYSCS_UTIL.SYSCS_IMPORT_DATA('iep', 't3' , null, '1,2', 
+call SYSCS_UTIL.SYSCS_IMPORT_DATA('IEP', 'T3' , null, '1,2', 
                                  'extinout/t3.dat' , 
  EnC:>9<  EnC:>9<  EnC:>9<  EnC:>9<     ';', '^', 'utf-16', 1) ;
 ERROR 38000: Se he generado la excepci EnC:>243< n 'SQL Exception: El n EnC:>250< mero de valores asignado no coincide con el n EnC:>250< mero de columnas especificadas o impl EnC:>237< citas.' al evaluar una expresi EnC:>243< n.
 ERROR 42802: El n EnC:>250< mero de valores asignado no coincide con el n EnC:>250< mero de columnas especificadas o impl EnC:>237< citas.
 ij> --specify column indexes that are not there in the file that is being  imported
-call SYSCS_UTIL.SYSCS_IMPORT_DATA('iep', 't3' , null, '11,22,12,24', 
+call SYSCS_UTIL.SYSCS_IMPORT_DATA('IEP', 'T3' , null, '11,22,12,24', 
                                  'extinout/t3.dat' , 
  EnC:>9<  EnC:>9<  EnC:>9<  EnC:>9<     ';', '^', 'utf-16', 1) ;
 0 rows inserted/updated/deleted
@@ -289,17 +289,17 @@ create table ntype(a int , ct CLOB(1024));
 0 rows inserted/updated/deleted
 ij> create table ntype1(bt BLOB(1024) , a int);
 0 rows inserted/updated/deleted
-ij> call SYSCS_UTIL.SYSCS_EXPORT_TABLE ('iep', 'ntype' , 'extinout/ntype.dat' , 
+ij> call SYSCS_UTIL.SYSCS_EXPORT_TABLE ('IEP', 'NTYPE' , 'extinout/ntype.dat' , 
                                  null, null, null) ;
 ERROR XIE0B: La columna 'CT' de la tabla de tipo CLOB no recibe soporte de import/export.
 ij> call SYSCS_UTIL.SYSCS_EXPORT_QUERY('select * from iep.ntype1',
  EnC:>9<  EnC:>9<  EnC:>9<  EnC:>9<    'extinout/ntype.dat' , 
                                    null, null, null) ;
 ERROR XIE0B: La columna 'BT' de la tabla de tipo BLOB no recibe soporte de import/export.
-ij> call SYSCS_UTIL.SYSCS_IMPORT_TABLE ('iep', 'ntype' , 'extinout/ntype.dat' , 
+ij> call SYSCS_UTIL.SYSCS_IMPORT_TABLE ('IEP', 'NTYPE' , 'extinout/ntype.dat' , 
                                  null, null, null, 0) ;
 ERROR XIE0B: La columna 'CT' de la tabla de tipo CLOB no recibe soporte de import/export.
-ij> call SYSCS_UTIL.SYSCS_IMPORT_DATA('iep', 'ntype1' , null , null, 
+ij> call SYSCS_UTIL.SYSCS_IMPORT_DATA('IEP', 'NTYPE1' , null , null, 
                                  'extinout/ntype.dat' , 
                                  null, null, null, 0) ;
 ERROR XIE0B: La columna 'BT' de la tabla de tipo BLOB no recibe soporte de import/export.
@@ -322,7 +322,7 @@ ij(C2)> autocommit off;
 ij(C2)> --following import should fail with lock time out
 call SYSCS_UTIL.SYSCS_SET_DATABASE_PROPERTY('derby.locks.waitTimeout', '5');
 0 rows inserted/updated/deleted
-ij(C2)> CALL SYSCS_UTIL.SYSCS_IMPORT_TABLE('iep', 'parent', 'extinout/parent.del',null, null, null,1);
+ij(C2)> CALL SYSCS_UTIL.SYSCS_IMPORT_TABLE('IEP', 'PARENT', 'extinout/parent.del',null, null, null,1);
 ERROR 38000: Se he generado la excepci EnC:>243< n 'SQL Exception: La tabla 'IEP.PARENT' no puede bloquearse en modalidad 'EXCLUSIVE'.' al evaluar una expresi EnC:>243< n.
 ERROR X0X02: La tabla 'IEP.PARENT' no puede bloquearse en modalidad 'EXCLUSIVE'.
 ERROR 40XL1: No se ha podido obtener un bloqueo dentro del tiempo solicitado
diff --git a/java/testing/org/apache/derbyTesting/functionTests/master/ieptests.out b/java/testing/org/apache/derbyTesting/functionTests/master/ieptests.out
index 8ce6a3325..cfd7be99e 100644
--- a/java/testing/org/apache/derbyTesting/functionTests/master/ieptests.out
+++ b/java/testing/org/apache/derbyTesting/functionTests/master/ieptests.out
@@ -11,11 +11,11 @@ ij> --After an export from ex_emp and import to imp_emp both tables should have
 insert into ex_emp values(99, 'smith' , 'tennis"p,l,ayer"', 190.55) ;
 1 row inserted/updated/deleted
 ij> -- Perform Export:
-call SYSCS_UTIL.SYSCS_EXPORT_TABLE (null, 'ex_emp' , 'extinout/emp.dat' , 
+call SYSCS_UTIL.SYSCS_EXPORT_TABLE (null, 'EX_EMP' , 'extinout/emp.dat' , 
                                  null, null, null) ;
 0 rows inserted/updated/deleted
 ij> -- Perform Import
-call SYSCS_UTIL.SYSCS_IMPORT_TABLE (null, 'imp_emp' , 'extinout/emp.dat' , 
+call SYSCS_UTIL.SYSCS_IMPORT_TABLE (null, 'IMP_EMP' , 'extinout/emp.dat' , 
                                       null, null, null, 0) ;
 0 rows inserted/updated/deleted
 ij> insert into ex_emp values(100, 'smith' , 'tennis"player"', 190.55) ;
@@ -41,11 +41,11 @@ ij> --all values are nulls
 insert into ex_emp values(108, null , null, null) ;
 1 row inserted/updated/deleted
 ij> -- Perform Export:
-call SYSCS_UTIL.SYSCS_EXPORT_TABLE (null, 'ex_emp' , 'extinout/emp.dat' , 
+call SYSCS_UTIL.SYSCS_EXPORT_TABLE (null, 'EX_EMP' , 'extinout/emp.dat' , 
                                  null, null, null) ;
 0 rows inserted/updated/deleted
 ij> -- Perform Import
-call SYSCS_UTIL.SYSCS_IMPORT_TABLE (null, 'imp_emp' , 'extinout/emp.dat' , 
+call SYSCS_UTIL.SYSCS_IMPORT_TABLE (null, 'IMP_EMP' , 'extinout/emp.dat' , 
                                       null, null, null, 0) ;
 0 rows inserted/updated/deleted
 ij> select * from ex_emp;
@@ -89,7 +89,7 @@ ij> --export from ex_emp using the a query only rows that got deleted in imp_emp
 call SYSCS_UTIL.SYSCS_EXPORT_QUERY('select * from ex_emp where id < 105', 
                                     'extinout/emp.dat' , null, null, null) ;
 0 rows inserted/updated/deleted
-ij> call SYSCS_UTIL.SYSCS_IMPORT_TABLE (null, 'imp_emp' , 'extinout/emp.dat' , 
+ij> call SYSCS_UTIL.SYSCS_IMPORT_TABLE (null, 'IMP_EMP' , 'extinout/emp.dat' , 
                                       null, null, null, 0) ;
 0 rows inserted/updated/deleted
 ij> --checking query
@@ -105,7 +105,7 @@ call SYSCS_UTIL.SYSCS_EXPORT_QUERY('select name , salary , skills, id from ex_em
                                     'extinout/emp.dat' , null, null, null) ;
 0 rows inserted/updated/deleted
 ij> -- import them in to a with order different than in the table;
-call SYSCS_UTIL.SYSCS_IMPORT_DATA(null, 'imp_emp' ,'name, salary, skills, id', null,
+call SYSCS_UTIL.SYSCS_IMPORT_DATA(null, 'IMP_EMP' ,'NAME, SALARY, SKILLS, ID', null,
                                     'extinout/emp.dat', null, null, null, 1) ;
 0 rows inserted/updated/deleted
 ij> --check query
@@ -117,7 +117,7 @@ select count(*) from imp_emp, ex_emp
 -----------
 6          
 ij> -- do import replace into the table with table order but using column indexes
-call SYSCS_UTIL.SYSCS_IMPORT_DATA(null, 'imp_emp' ,null, '4, 1, 3, 2',
+call SYSCS_UTIL.SYSCS_IMPORT_DATA(null, 'IMP_EMP' ,null, '4, 1, 3, 2',
                                     'extinout/emp.dat', null, null, null, 1) ;
 0 rows inserted/updated/deleted
 ij> --check query
@@ -129,7 +129,7 @@ select count(*) from imp_emp, ex_emp
 -----------
 6          
 ij> --replace using insert column names and column indexes
-call SYSCS_UTIL.SYSCS_IMPORT_DATA(null, 'imp_emp' ,'salary, id, skills, name', '2, 4, 3, 1',
+call SYSCS_UTIL.SYSCS_IMPORT_DATA(null, 'IMP_EMP' ,'SALARY, ID, SKILLS, NAME', '2, 4, 3, 1',
                                     'extinout/emp.dat', null, null, null, 1) ;
 0 rows inserted/updated/deleted
 ij> --check query
@@ -142,10 +142,10 @@ select count(*) from imp_emp, ex_emp
 6          
 ij> ---testing with different delimiters
 -- single quote(') as character delimiter
-call SYSCS_UTIL.SYSCS_EXPORT_TABLE (null, 'ex_emp' , 'extinout/emp.dat' , 
+call SYSCS_UTIL.SYSCS_EXPORT_TABLE (null, 'EX_EMP' , 'extinout/emp.dat' , 
                                     null, '''', null) ;
 0 rows inserted/updated/deleted
-ij> call SYSCS_UTIL.SYSCS_IMPORT_TABLE (null, 'imp_emp' , 'extinout/emp.dat' , 
+ij> call SYSCS_UTIL.SYSCS_IMPORT_TABLE (null, 'IMP_EMP' , 'extinout/emp.dat' , 
                                     null, '''', null, 1) ;
 0 rows inserted/updated/deleted
 ij> select * from imp_emp ;
@@ -162,12 +162,12 @@ ID         |NAME   |SKILLS
 107        |smith" |NULL                                                                                                                            |190.55       
 108        |NULL   |NULL                                                                                                                            |NULL         
 ij> -- single quote(') as column delimiter
-call SYSCS_UTIL.SYSCS_EXPORT_TABLE (null, 'ex_emp' , 'extinout/emp.dat' , 
+call SYSCS_UTIL.SYSCS_EXPORT_TABLE (null, 'EX_EMP' , 'extinout/emp.dat' , 
                                     '''',null, null) ;
 0 rows inserted/updated/deleted
 ij> delete from imp_emp ;
 10 rows inserted/updated/deleted
-ij> call SYSCS_UTIL.SYSCS_IMPORT_TABLE (null, 'imp_emp' , 'extinout/emp.dat' , 
+ij> call SYSCS_UTIL.SYSCS_IMPORT_TABLE (null, 'IMP_EMP' , 'extinout/emp.dat' , 
                                     '''', null, null, 0) ;
 0 rows inserted/updated/deleted
 ij> select * from imp_emp;
@@ -183,10 +183,10 @@ ID         |NAME   |SKILLS
 106        |smith  |"""""""""""""""""""                                                                                                             |190.55       
 107        |smith" |NULL                                                                                                                            |190.55       
 108        |NULL   |NULL                                                                                                                            |NULL         
-ij> call SYSCS_UTIL.SYSCS_EXPORT_TABLE (null, 'ex_emp' , 'extinout/emp.dat' , 
+ij> call SYSCS_UTIL.SYSCS_EXPORT_TABLE (null, 'EX_EMP' , 'extinout/emp.dat' , 
                                  '*', '%', null) ;
 0 rows inserted/updated/deleted
-ij> call SYSCS_UTIL.SYSCS_IMPORT_TABLE (null, 'ex_emp' , 'extinout/emp.dat' , 
+ij> call SYSCS_UTIL.SYSCS_IMPORT_TABLE (null, 'EX_EMP' , 'extinout/emp.dat' , 
                                  '*', '%', null, 1) ;
 0 rows inserted/updated/deleted
 ij> select * from imp_emp ;
@@ -213,11 +213,11 @@ ij> insert into noncast values(1.5 , 6.7 ) ;
 1 row inserted/updated/deleted
 ij> insert into noncast values(2.5 , 8.999) ;
 1 row inserted/updated/deleted
-ij> call SYSCS_UTIL.SYSCS_EXPORT_TABLE ('APP' , 'noncast' , 'extinout/noncast.dat'  , null , null , null) ;
+ij> call SYSCS_UTIL.SYSCS_EXPORT_TABLE ('APP' , 'NONCAST' , 'extinout/noncast.dat'  , null , null , null) ;
 0 rows inserted/updated/deleted
-ij> call SYSCS_UTIL.SYSCS_IMPORT_TABLE (null, 'noncast' , 'extinout/noncast.dat'  , null , null , null , 0) ;
+ij> call SYSCS_UTIL.SYSCS_IMPORT_TABLE (null, 'NONCAST' , 'extinout/noncast.dat'  , null , null , null , 0) ;
 0 rows inserted/updated/deleted
-ij> call SYSCS_UTIL.SYSCS_IMPORT_DATA(null, 'noncast', 'c2 , c1' , '2, 1' , 
+ij> call SYSCS_UTIL.SYSCS_IMPORT_DATA(null, 'NONCAST', 'C2 , C1' , '2, 1' , 
                                    'extinout/noncast.dat'  , null , null , null , 0) ;
 0 rows inserted/updated/deleted
 ij> select * from noncast ;
@@ -242,10 +242,10 @@ ij> insert into ttypes values('2004-04-03' , '15:18:31' , 'xxxxxxFILTERED-TIMEST
 1 row inserted/updated/deleted
 ij> insert into ttypes values(null , null , null);
 1 row inserted/updated/deleted
-ij> call SYSCS_UTIL.SYSCS_EXPORT_TABLE (null, 'ttypes' , 'extinout/ttypes.del' , 
+ij> call SYSCS_UTIL.SYSCS_EXPORT_TABLE (null, 'TTYPES' , 'extinout/ttypes.del' , 
                                  null, null, null) ;
 0 rows inserted/updated/deleted
-ij> call SYSCS_UTIL.SYSCS_IMPORT_TABLE (null, 'ttypes' , 'extinout/ttypes.del' , 
+ij> call SYSCS_UTIL.SYSCS_IMPORT_TABLE (null, 'TTYPES' , 'extinout/ttypes.del' , 
                                  null, null, null, 0) ;
 0 rows inserted/updated/deleted
 ij> select * from ttypes;
@@ -269,10 +269,10 @@ ij> insert into t1 values(1) ;
 1 row inserted/updated/deleted
 ij> insert into t1 values(2) ;
 1 row inserted/updated/deleted
-ij> call SYSCS_UTIL.SYSCS_EXPORT_TABLE (null, 't1' , 'extinout/t1.del' , 
+ij> call SYSCS_UTIL.SYSCS_EXPORT_TABLE (null, 'T1' , 'extinout/t1.del' , 
                                  null, null, null) ;
 0 rows inserted/updated/deleted
-ij> call SYSCS_UTIL.SYSCS_IMPORT_TABLE (null, 't1' , 'extinout/t1.del' , 
+ij> call SYSCS_UTIL.SYSCS_IMPORT_TABLE (null, 'T1' , 'extinout/t1.del' , 
                                  null, null, null, 0) ;
 0 rows inserted/updated/deleted
 ij> --above import should have committed , following rollback should be a noop.
@@ -289,7 +289,7 @@ ij> insert into t1 values(3) ;
 ij> insert into t1 values(4) ;
 1 row inserted/updated/deleted
 ij> --file not found error should rollback 
-call SYSCS_UTIL.SYSCS_IMPORT_TABLE (null, 't1' , 'extinout/nofile.del' , 
+call SYSCS_UTIL.SYSCS_IMPORT_TABLE (null, 'T1' , 'extinout/nofile.del' , 
                                  null, null, null, 0) ;
 ERROR 38000: The exception 'SQL Exception: The exception 'java.lang.reflect.InvocationTargetException' was thrown while evaluating an expression.' was thrown while evaluating an expression.
 ERROR 38000: The exception 'java.lang.reflect.InvocationTargetException' was thrown while evaluating an expression.
@@ -308,7 +308,7 @@ ij> insert into t1 values(3) ;
 ij> insert into t1 values(4) ;
 1 row inserted/updated/deleted
 ij> --table not found error should issue a implicit rollback 
-call SYSCS_UTIL.SYSCS_IMPORT_TABLE (null, 'notable' , 'extinout/t1.del' , 
+call SYSCS_UTIL.SYSCS_IMPORT_TABLE (null, 'NOTABLE' , 'extinout/t1.del' , 
                                  null, null, null, 0) ;
 ERROR XIE0M: Table 'NOTABLE' does not exist.  
 ij> commit ;
@@ -326,7 +326,7 @@ insert into t1 values(1) ;
 1 row inserted/updated/deleted
 ij> insert into t1 values(2) ;
 1 row inserted/updated/deleted
-ij> call SYSCS_UTIL.SYSCS_EXPORT_TABLE (null, 't1' , 'extinout/t1.del' , 
+ij> call SYSCS_UTIL.SYSCS_EXPORT_TABLE (null, 'T1' , 'extinout/t1.del' , 
                                  null, null, null) ;
 0 rows inserted/updated/deleted
 ij> --above export should have a commit.rollback below should be a noop
@@ -336,7 +336,7 @@ A
 -----------
 1          
 2          
-ij> call SYSCS_UTIL.SYSCS_IMPORT_TABLE (null, 't1' , 'extinout/t1.del' , 
+ij> call SYSCS_UTIL.SYSCS_IMPORT_TABLE (null, 'T1' , 'extinout/t1.del' , 
                                  null, null, null, 1) ;
 0 rows inserted/updated/deleted
 ij> --above import should have committed , following rollback should be a noop.
@@ -351,7 +351,7 @@ ij> insert into t1 values(3) ;
 ij> insert into t1 values(4) ;
 1 row inserted/updated/deleted
 ij> --file not found error should rollback 
-call SYSCS_UTIL.SYSCS_IMPORT_TABLE (null, 't1' , 'extinout/nofile.del' , 
+call SYSCS_UTIL.SYSCS_IMPORT_TABLE (null, 'T1' , 'extinout/nofile.del' , 
                                  null, null, null, 1) ;
 ERROR 38000: The exception 'SQL Exception: The exception 'java.lang.reflect.InvocationTargetException' was thrown while evaluating an expression.' was thrown while evaluating an expression.
 ERROR 38000: The exception 'java.lang.reflect.InvocationTargetException' was thrown while evaluating an expression.
@@ -368,7 +368,7 @@ ij> insert into t1 values(3) ;
 ij> insert into t1 values(4) ;
 1 row inserted/updated/deleted
 ij> --table not found error should issue a implicit rollback 
-call SYSCS_UTIL.SYSCS_IMPORT_TABLE (null, 'notable' , 'extinout/t1.del' , 
+call SYSCS_UTIL.SYSCS_IMPORT_TABLE (null, 'NOTABLE' , 'extinout/t1.del' , 
                                  null, null, null, 1) ;
 ERROR XIE0M: Table 'NOTABLE' does not exist.  
 ij> commit ;
@@ -385,10 +385,10 @@ insert into t1 values(1) ;
 1 row inserted/updated/deleted
 ij> insert into t1 values(2) ;
 1 row inserted/updated/deleted
-ij> call SYSCS_UTIL.SYSCS_EXPORT_TABLE (null, 't1' , 'extinout/t1.del' , 
+ij> call SYSCS_UTIL.SYSCS_EXPORT_TABLE (null, 'T1' , 'extinout/t1.del' , 
                                  null, null, null) ;
 0 rows inserted/updated/deleted
-ij> call SYSCS_UTIL.SYSCS_IMPORT_DATA(null, 't1' , 'a' , '1' , 'extinout/t1.del' , 
+ij> call SYSCS_UTIL.SYSCS_IMPORT_DATA(null, 'T1' , 'A' , '1' , 'extinout/t1.del' , 
                                  null, null, null, 0) ;
 0 rows inserted/updated/deleted
 ij> --above import should have committed , following rollback should be a noop.
@@ -405,7 +405,7 @@ ij> insert into t1 values(3) ;
 ij> insert into t1 values(4) ;
 1 row inserted/updated/deleted
 ij> --file not found error should rollback 
-call SYSCS_UTIL.SYSCS_IMPORT_DATA(null, 't1', 'a' , '1'  , 'extinout/nofile.del' , 
+call SYSCS_UTIL.SYSCS_IMPORT_DATA(null, 'T1', 'A' , '1'  , 'extinout/nofile.del' , 
                                  null, null, null, 0) ;
 ERROR 38000: The exception 'SQL Exception: The exception 'java.lang.reflect.InvocationTargetException' was thrown while evaluating an expression.' was thrown while evaluating an expression.
 ERROR 38000: The exception 'java.lang.reflect.InvocationTargetException' was thrown while evaluating an expression.
@@ -424,7 +424,7 @@ ij> insert into t1 values(3) ;
 ij> insert into t1 values(4) ;
 1 row inserted/updated/deleted
 ij> --table not found error should issue a implicit rollback 
-call SYSCS_UTIL.SYSCS_IMPORT_DATA(null, 'notable' , 'a' , '1', 'extinout/t1.del' , 
+call SYSCS_UTIL.SYSCS_IMPORT_DATA(null, 'NOTABLE' , 'A' , '1', 'extinout/t1.del' , 
                                  null, null, null, 1) ;
 ERROR XIE0M: Table 'NOTABLE' does not exist.  
 ij> commit ;
@@ -441,7 +441,7 @@ insert into t1 values(3) ;
 1 row inserted/updated/deleted
 ij> insert into t1 values(4) ;
 1 row inserted/updated/deleted
-ij> call SYSCS_UTIL.SYSCS_IMPORT_DATA(null, 't1' , 'a' , '1' , 'extinout/t1.del' , 
+ij> call SYSCS_UTIL.SYSCS_IMPORT_DATA(null, 'T1' , 'A' , '1' , 'extinout/t1.del' , 
                                  null, null, null, 0) ;
 0 rows inserted/updated/deleted
 ij> select * from t1 ;
@@ -460,7 +460,7 @@ ij> insert into t1 values(5) ;
 ij> insert into t1 values(6) ;
 1 row inserted/updated/deleted
 ij> --following import will back , but should not have any impact on inserts
-call SYSCS_UTIL.SYSCS_IMPORT_DATA(null, 't1', 'a' , '1'  , 'extinout/nofile.del' , 
+call SYSCS_UTIL.SYSCS_IMPORT_DATA(null, 'T1', 'A' , '1'  , 'extinout/nofile.del' , 
                                  null, null, null, 0) ;
 ERROR 38000: The exception 'SQL Exception: The exception 'java.lang.reflect.InvocationTargetException' was thrown while evaluating an expression.' was thrown while evaluating an expression.
 ERROR 38000: The exception 'java.lang.reflect.InvocationTargetException' was thrown while evaluating an expression.
@@ -480,7 +480,7 @@ A
 5          
 6          
 ij> --END IMPORT COMMIT/ROLLBACK TESTSING
----all types supported by DB2 cloudscape import/export
+---all types supported by Derby import/export
 create table alltypes(chartype char(20) , 
 	          biginttype bigint , 
 		  datetype date , 
@@ -533,10 +533,10 @@ ij> insert into  alltypes values('"chartype" string' ,
                               'xxxxxxFILTERED-TIMESTAMPxxxxx,
                               '"varchar" testing');
 1 row inserted/updated/deleted
-ij> call SYSCS_UTIL.SYSCS_EXPORT_TABLE (null, 'alltypes' , 'extinout/alltypes.del' , 
+ij> call SYSCS_UTIL.SYSCS_EXPORT_TABLE (null, 'ALLTYPES' , 'extinout/alltypes.del' , 
                                  null, null, null) ;
 0 rows inserted/updated/deleted
-ij> call SYSCS_UTIL.SYSCS_IMPORT_TABLE (null, 'alltypes' , 'extinout/alltypes.del' , 
+ij> call SYSCS_UTIL.SYSCS_IMPORT_TABLE (null, 'ALLTYPES' , 'extinout/alltypes.del' , 
                                  null, null, null, 0) ;
 0 rows inserted/updated/deleted
 ij> select * from alltypes ;
@@ -558,7 +558,7 @@ referencing new as newrow
 for each  row mode db2sql
 insert into test1 values(newrow.chartype);
 0 rows inserted/updated/deleted
-ij> call SYSCS_UTIL.SYSCS_IMPORT_TABLE (null, 'alltypes' , 'extinout/alltypes.del' , 
+ij> call SYSCS_UTIL.SYSCS_IMPORT_TABLE (null, 'ALLTYPES' , 'extinout/alltypes.del' , 
                                  null, null, null, 0) ;
 0 rows inserted/updated/deleted
 ij> select count(*) from alltypes ;
@@ -573,7 +573,7 @@ chartype string
 "chartype" string   
 ij> delete from alltypes;
 3 rows inserted/updated/deleted
-ij> call SYSCS_UTIL.SYSCS_IMPORT_TABLE (null, 'alltypes' , 'extinout/alltypes.del' , 
+ij> call SYSCS_UTIL.SYSCS_IMPORT_TABLE (null, 'ALLTYPES' , 'extinout/alltypes.del' , 
                                  null, null, null, 1) ;
 ERROR 38000: The exception 'SQL Exception: Bulk insert replace is not permitted on 'APP.ALLTYPES' because it has an enabled trigger (TRIG_IMPORT).' was thrown while evaluating an expression.
 ERROR 42Z08: Bulk insert replace is not permitted on 'APP.ALLTYPES' because it has an enabled trigger (TRIG_IMPORT).
@@ -605,7 +605,7 @@ ij> insert into table2 values('Leo',102, 23.4, 'I');
 ij> call SYSCS_UTIL.SYSCS_EXPORT_QUERY('select c1,c3,c4 from table2' , 'extinout/import.del' , 
                                  null, null, null) ;
 0 rows inserted/updated/deleted
-ij> CALL SYSCS_UTIL.SYSCS_IMPORT_DATA(NULL,'table1', 'c1,c3,c4' , null, 'extinout/import.del',null, null,null,0);
+ij> CALL SYSCS_UTIL.SYSCS_IMPORT_DATA(NULL,'TABLE1', 'C1,C3,C4' , null, 'extinout/import.del',null, null,null,0);
 0 rows inserted/updated/deleted
 ij> select * from table1;
 C1                            |C2         |C3           |C4  
@@ -615,14 +615,14 @@ Mike                          |2          |76.9         |K
 Leo                           |3          |23.4         |I   
 ij> delete from table1;
 3 rows inserted/updated/deleted
-ij> call SYSCS_UTIL.SYSCS_EXPORT_TABLE(null , 'table2' , 'extinout/import.del',  null, null, null) ;
+ij> call SYSCS_UTIL.SYSCS_EXPORT_TABLE(null , 'TABLE2' , 'extinout/import.del',  null, null, null) ;
 0 rows inserted/updated/deleted
 ij> --following import should fail becuase of inserting into identity column.
-CALL SYSCS_UTIL.SYSCS_IMPORT_TABLE(NULL, 'table1', 'extinout/import.del',null, null, null,1);
+CALL SYSCS_UTIL.SYSCS_IMPORT_TABLE(NULL, 'TABLE1', 'extinout/import.del',null, null, null,1);
 ERROR 38000: The exception 'SQL Exception: Attempt to modify an identity column 'C2'.' was thrown while evaluating an expression.
 ERROR 42Z23: Attempt to modify an identity column 'C2'. 
 ij> --following import should be succesful
-CALL SYSCS_UTIL.SYSCS_IMPORT_DATA(NULL, 'table1', 'c1,c3,c4' , '1,3,4', 'extinout/import.del',null, null, null,1);
+CALL SYSCS_UTIL.SYSCS_IMPORT_DATA(NULL, 'TABLE1', 'C1,C3,C4' , '1,3,4', 'extinout/import.del',null, null, null,1);
 0 rows inserted/updated/deleted
 ij> select * from table1;
 C1                            |C2         |C3           |C4  
@@ -633,10 +633,10 @@ Leo                           |3          |23.4         |I
 ij> update table2 set c2=null;
 3 rows inserted/updated/deleted
 ij> --check null values import to identity columns should also fail
-call SYSCS_UTIL.SYSCS_EXPORT_TABLE(null , 'table2' , 'extinout/import.del' , 
+call SYSCS_UTIL.SYSCS_EXPORT_TABLE(null , 'TABLE2' , 'extinout/import.del' , 
                                  null, null, null) ;
 0 rows inserted/updated/deleted
-ij> CALL SYSCS_UTIL.SYSCS_IMPORT_TABLE(NULL, 'table1', 'extinout/import.del',null, null, null,1);
+ij> CALL SYSCS_UTIL.SYSCS_IMPORT_TABLE(NULL, 'TABLE1', 'extinout/import.del',null, null, null,1);
 ERROR 38000: The exception 'SQL Exception: Attempt to modify an identity column 'C2'.' was thrown while evaluating an expression.
 ERROR 42Z23: Attempt to modify an identity column 'C2'. 
 ij> select * from table1;
@@ -659,7 +659,7 @@ ij> call SYSCS_UTIL.SYSCS_EXPORT_QUERY('select * from parent where a < 3' , 'ext
                                  null, null, null) ;
 0 rows inserted/updated/deleted
 ij> --replace should fail because of dependent table
-CALL SYSCS_UTIL.SYSCS_IMPORT_TABLE(NULL, 'parent', 'extinout/parent.del',null, null, null,1);
+CALL SYSCS_UTIL.SYSCS_IMPORT_TABLE(NULL, 'PARENT', 'extinout/parent.del',null, null, null,1);
 ERROR 38000: The exception 'SQL Exception: INSERT on table 'PARENT' caused a violation of foreign key constraint 'xxxxGENERATED-IDxxxx' for key (3).  The statement has been rolled back.' was thrown while evaluating an expression.
 ERROR 23503: INSERT on table 'PARENT' caused a violation of foreign key constraint 'xxxxGENERATED-IDxxxx' for key (3).  The statement has been rolled back.
 ij> select * from parent;
@@ -672,7 +672,7 @@ A
 ij> ---test with a file which has a differen records seperators (\n, \r , \r\n)
 create table nt1( a int , b char(30));
 0 rows inserted/updated/deleted
-ij> CALL SYSCS_UTIL.SYSCS_IMPORT_TABLE(NULL, 'nt1', 'extin/mixednl.del',null, null, null,0);
+ij> CALL SYSCS_UTIL.SYSCS_IMPORT_TABLE(NULL, 'NT1', 'extin/mixednl.del',null, null, null,0);
 0 rows inserted/updated/deleted
 ij> select * from nt1;
 A          |B                             
@@ -705,7 +705,7 @@ create table position_info
        web_flag varchar(1)
     );
 0 rows inserted/updated/deleted
-ij> CALL SYSCS_UTIL.SYSCS_IMPORT_TABLE ('APP', 'position_info', 'extin/position_info.del',
+ij> CALL SYSCS_UTIL.SYSCS_IMPORT_TABLE ('APP', 'POSITION_INFO', 'extin/position_info.del',
                                     null, null, null, 1);
 0 rows inserted/updated/deleted
 ij> select count(*) from position_info ;
@@ -717,12 +717,12 @@ DETAIL_DESCRIPTION
 --------------------------------------------------------------------------------------------------------------------------------
 Essential Duties and Responsibilities (include but not limited to):
 *Assist the director in his work activities in leading the&
-ij> CALL SYSCS_UTIL.SYSCS_EXPORT_TABLE ('APP', 'position_info', 'extinout/pinfo.del',
+ij> CALL SYSCS_UTIL.SYSCS_EXPORT_TABLE ('APP', 'POSITION_INFO', 'extinout/pinfo.del',
                                     null, null, null);
 0 rows inserted/updated/deleted
 ij> delete from position_info;
 680 rows inserted/updated/deleted
-ij> CALL SYSCS_UTIL.SYSCS_IMPORT_TABLE ('APP', 'position_info', 'extinout/pinfo.del',
+ij> CALL SYSCS_UTIL.SYSCS_IMPORT_TABLE ('APP', 'POSITION_INFO', 'extinout/pinfo.del',
                                     null, null, null, 1);
 0 rows inserted/updated/deleted
 ij> select count(*) from position_info ;
@@ -741,13 +741,13 @@ ij> create table dest_always(i int generated always as identity);
 0 rows inserted/updated/deleted
 ij> create table dest_by_default(i int generated by default as identity);
 0 rows inserted/updated/deleted
-ij> CALL SYSCS_UTIL.SYSCS_IMPORT_TABLE('APP','dest_always','extinout/autoinc.dat',null,null,null,0);
+ij> CALL SYSCS_UTIL.SYSCS_IMPORT_TABLE('APP','DEST_ALWAYS','extinout/autoinc.dat',null,null,null,0);
 ERROR 38000: The exception 'SQL Exception: Attempt to modify an identity column 'I'.' was thrown while evaluating an expression.
 ERROR 42Z23: Attempt to modify an identity column 'I'. 
 ij> select * from dest_always;
 I          
 -----------
-ij> CALL SYSCS_UTIL.SYSCS_IMPORT_TABLE('APP','dest_by_default','extinout/autoinc.dat',null,null,null,0);
+ij> CALL SYSCS_UTIL.SYSCS_IMPORT_TABLE('APP','DEST_BY_DEFAULT','extinout/autoinc.dat',null,null,null,0);
 0 rows inserted/updated/deleted
 ij> select * from dest_by_default;
 I          
@@ -763,13 +763,13 @@ ij> create table dest_always(i int generated always as identity);
 0 rows inserted/updated/deleted
 ij> create table dest_by_default(i int generated by default as identity);
 0 rows inserted/updated/deleted
-ij> CALL SYSCS_UTIL.SYSCS_IMPORT_TABLE('APP','dest_always','extinout/autoinc.dat',null,null,null,1);
+ij> CALL SYSCS_UTIL.SYSCS_IMPORT_TABLE('APP','DEST_ALWAYS','extinout/autoinc.dat',null,null,null,1);
 ERROR 38000: The exception 'SQL Exception: Attempt to modify an identity column 'I'.' was thrown while evaluating an expression.
 ERROR 42Z23: Attempt to modify an identity column 'I'. 
 ij> select * from dest_always;
 I          
 -----------
-ij> CALL SYSCS_UTIL.SYSCS_IMPORT_TABLE('APP','dest_by_default','extinout/autoinc.dat',null,null,null,1);
+ij> CALL SYSCS_UTIL.SYSCS_IMPORT_TABLE('APP','DEST_BY_DEFAULT','extinout/autoinc.dat',null,null,null,1);
 0 rows inserted/updated/deleted
 ij> select * from dest_by_default;
 I          
@@ -781,4 +781,147 @@ ij> drop table dest_always;
 0 rows inserted/updated/deleted
 ij> drop table dest_by_default;
 0 rows inserted/updated/deleted
+ij> --test case for bug (DERBY-390)
+--test import/export with reserved words as table Name, column Names ..etc.
+create schema "Group";
+0 rows inserted/updated/deleted
+ij> create table "Group"."Order"("select" int, "delete" int, itemName char(20)) ;
+0 rows inserted/updated/deleted
+ij> insert into "Group"."Order" values(1, 2, 'memory') ;
+1 row inserted/updated/deleted
+ij> insert into "Group"."Order" values(3, 4, 'disk') ;
+1 row inserted/updated/deleted
+ij> insert into "Group"."Order" values(5, 6, 'mouse') ;
+1 row inserted/updated/deleted
+ij> --following export should fail because schema name is not matching the way it is defined using delimited quotes.
+call SYSCS_UTIL.SYSCS_EXPORT_TABLE ('GROUP', 'Order' , 'extinout/order.dat', null, null, null) ;
+ERROR 38000: The exception 'SQL Exception: Schema 'GROUP' does not exist' was thrown while evaluating an expression.
+ERROR 42Y07: Schema 'GROUP' does not exist
+ij> --following export should fail because table name is not matching the way it is defined in the quotes.
+call SYSCS_UTIL.SYSCS_EXPORT_TABLE ('Group', 'ORDER' , 'extinout/order.dat', null, null, null) ;
+ERROR 38000: The exception 'SQL Exception: Table 'Group.ORDER' does not exist.' was thrown while evaluating an expression.
+ERROR 42X05: Table 'Group.ORDER' does not exist.
+ij> --following export should fail because of unquoted table name that is a reserved word.
+call SYSCS_UTIL.SYSCS_EXPORT_QUERY('select * from "Group".Order' , 'extinout/order.dat' ,    null , null , null ) ;
+ERROR 38000: The exception 'SQL Exception: Syntax error: Encountered "Order" at line 1, column 23.' was thrown while evaluating an expression.
+ERROR 42X01: Syntax error: Encountered "Order" at line 1, column 23.
+ij> --following exports should pass.
+call SYSCS_UTIL.SYSCS_EXPORT_TABLE ('Group', 'Order' , 'extinout/order.dat', null, null, null) ;
+0 rows inserted/updated/deleted
+ij> call SYSCS_UTIL.SYSCS_EXPORT_QUERY('select * from "Group"."Order"' , 'extinout/order.dat' ,    null , null , null ) ;
+0 rows inserted/updated/deleted
+ij> call SYSCS_UTIL.SYSCS_EXPORT_QUERY('select "select" , "delete" , itemName from "Group"."Order"' , 
+                                                 'extinout/order.dat' ,    null , null , null ) ;
+0 rows inserted/updated/deleted
+ij> --following import should fail because schema name is not matching the way it is defined using delimited quotes.
+call SYSCS_UTIL.SYSCS_IMPORT_TABLE ('GROUP', 'Order' , 'extinout/order.dat', null, null, null, 0) ;
+ERROR XIE0M: Table 'GROUP.Order' does not exist.  
+ij> --following import should fail because table name is not matching the way it is defined in the quotes.
+call SYSCS_UTIL.SYSCS_IMPORT_TABLE ('Group', 'ORDER' , 'extinout/order.dat', null, null, null, 0) ;
+ERROR XIE0M: Table 'Group.ORDER' does not exist.  
+ij> --following import should fail because table name is not matching the way it is defined in the quotes.
+call SYSCS_UTIL.SYSCS_IMPORT_DATA('Group', 'ORDER' , null , null ,   'extinout/order.dat'   , null , null , null, 1) ;
+ERROR XIE0M: Table 'Group.ORDER' does not exist.  
+ij> --following import should fail because column name is not matching the way it is defined in the quotes.
+call SYSCS_UTIL.SYSCS_IMPORT_DATA('Group', 'Order' , 'DELETE, ITEMNAME' , '2, 3' ,   'extinout/order.dat'   , null , null , null, 1) ;
+ERROR XIE08: There is no column named: DELETE.  
+ij> --following import should fail because undelimited column name is not in upper case.
+call SYSCS_UTIL.SYSCS_IMPORT_DATA('Group', 'Order' , 'delete, itemName' , '2, 3' ,   'extinout/order.dat'   , null , null , null, 1) ;
+ERROR XIE08: There is no column named: itemName.  
+ij> --following imports should pass
+call SYSCS_UTIL.SYSCS_IMPORT_TABLE ('Group', 'Order' , 'extinout/order.dat', null, null, null, 0) ;
+0 rows inserted/updated/deleted
+ij> select * from "Group"."Order";
+select     |delete     |ITEMNAME            
+--------------------------------------------
+1          |2          |memory              
+3          |4          |disk                
+5          |6          |mouse               
+1          |2          |memory              
+3          |4          |disk                
+5          |6          |mouse               
+ij> call SYSCS_UTIL.SYSCS_IMPORT_DATA('Group', 'Order' , null , null ,   'extinout/order.dat'   , null , null , null, 1) ;
+0 rows inserted/updated/deleted
+ij> select * from "Group"."Order";
+select     |delete     |ITEMNAME            
+--------------------------------------------
+1          |2          |memory              
+3          |4          |disk                
+5          |6          |mouse               
+ij> call SYSCS_UTIL.SYSCS_IMPORT_DATA('Group', 'Order' , 'delete' , '2' ,   'extinout/order.dat'   , null , null , null, 1) ;
+0 rows inserted/updated/deleted
+ij> select * from "Group"."Order";
+select     |delete     |ITEMNAME            
+--------------------------------------------
+NULL       |2          |NULL                
+NULL       |4          |NULL                
+NULL       |6          |NULL                
+ij> call SYSCS_UTIL.SYSCS_IMPORT_DATA('Group', 'Order' , 'ITEMNAME, select, delete' , '3,2,1' ,   'extinout/order.dat'   , null , null , null, 1) ;
+0 rows inserted/updated/deleted
+ij> select * from "Group"."Order";
+select     |delete     |ITEMNAME            
+--------------------------------------------
+2          |1          |memory              
+4          |3          |disk                
+6          |5          |mouse               
+ij> drop table "Group"."Order";
+0 rows inserted/updated/deleted
+ij> ---test undelimited names( All unquoted SQL identfiers should be passed in upper case). 
+create schema inventory;
+0 rows inserted/updated/deleted
+ij> create table inventory.orderTable(id int, amount int, itemName char(20)) ;
+0 rows inserted/updated/deleted
+ij> insert into inventory.orderTable values(101, 5, 'pizza') ;
+1 row inserted/updated/deleted
+ij> insert into inventory.orderTable values(102, 6, 'coke') ;
+1 row inserted/updated/deleted
+ij> insert into inventory.orderTable values(103, 7, 'break sticks') ;
+1 row inserted/updated/deleted
+ij> insert into inventory.orderTable values(104, 8, 'buffolo wings') ;
+1 row inserted/updated/deleted
+ij> --following export should fail because schema name is not in upper case.
+call SYSCS_UTIL.SYSCS_EXPORT_TABLE ('inventory', 'ORDERTABLE' , 'extinout/order.dat', null, null, null) ;
+ERROR 38000: The exception 'SQL Exception: Schema 'inventory' does not exist' was thrown while evaluating an expression.
+ERROR 42Y07: Schema 'inventory' does not exist
+ij> --following export should fail because table name is not in upper case.
+call SYSCS_UTIL.SYSCS_EXPORT_TABLE ('INVENTORY', 'ordertable' , 'extinout/order.dat', null, null, null) ;
+ERROR 38000: The exception 'SQL Exception: Table 'INVENTORY.ordertable' does not exist.' was thrown while evaluating an expression.
+ERROR 42X05: Table 'INVENTORY.ordertable' does not exist.
+ij> --following export should pass.
+call SYSCS_UTIL.SYSCS_EXPORT_TABLE ('INVENTORY', 'ORDERTABLE' , 'extinout/order.dat', null, null, null) ;
+0 rows inserted/updated/deleted
+ij> --following import should fail because schema name is not in upper case
+call SYSCS_UTIL.SYSCS_IMPORT_TABLE ('inventory', 'ORDERTABLE' , 'extinout/order.dat', null, null, null, 0) ;
+ERROR XIE0M: Table 'inventory.ORDERTABLE' does not exist.  
+ij> --following import should fail because table name is not in upper case.
+call SYSCS_UTIL.SYSCS_IMPORT_TABLE ('INVENTORY', 'ordertable' , 'extinout/order.dat', null, null, null, 0) ;
+ERROR XIE0M: Table 'INVENTORY.ordertable' does not exist.  
+ij> --following import should fail because table name is not in upper case .
+call SYSCS_UTIL.SYSCS_IMPORT_DATA('INVENTORY', 'ordertable' , null , null ,   'extinout/order.dat'   , null , null , null, 1) ;
+ERROR XIE0M: Table 'INVENTORY.ordertable' does not exist.  
+ij> --following import should fail because column name is not in upper case.
+call SYSCS_UTIL.SYSCS_IMPORT_DATA('INVENTORY', 'ORDERTABLE' , 'amount, ITEMNAME' , '2, 3' ,   'extinout/order.dat'   , null , null , null, 1) ;
+ERROR XIE08: There is no column named: amount.  
+ij> call SYSCS_UTIL.SYSCS_IMPORT_DATA('INVENTORY', 'ORDERTABLE' , null , null ,   'extinout/order.dat'   , null , null , null, 1) ;
+0 rows inserted/updated/deleted
+ij> select * from inventory.orderTable;
+ID         |AMOUNT     |ITEMNAME            
+--------------------------------------------
+101        |5          |pizza               
+102        |6          |coke                
+103        |7          |break sticks        
+104        |8          |buffolo wings       
+ij> call SYSCS_UTIL.SYSCS_IMPORT_DATA('INVENTORY', 'ORDERTABLE' , 'ITEMNAME, ID, AMOUNT' , '3,2,1' ,   'extinout/order.dat'   , null , null , null, 1) ;
+0 rows inserted/updated/deleted
+ij> select * from inventory.orderTable;
+ID         |AMOUNT     |ITEMNAME            
+--------------------------------------------
+5          |101        |pizza               
+6          |102        |coke                
+7          |103        |break sticks        
+8          |104        |buffolo wings       
+ij> drop table inventory.orderTable;
+0 rows inserted/updated/deleted
+ij> --end derby-390 related test cases.
+;
 ij> 
diff --git a/java/testing/org/apache/derbyTesting/functionTests/master/importExportThruIJ.out b/java/testing/org/apache/derbyTesting/functionTests/master/importExportThruIJ.out
index 8c470c32a..4f9c4e38d 100644
--- a/java/testing/org/apache/derbyTesting/functionTests/master/importExportThruIJ.out
+++ b/java/testing/org/apache/derbyTesting/functionTests/master/importExportThruIJ.out
@@ -364,7 +364,7 @@ ij> create table Alt1 (	Account	int,
 			Payment	decimal(8,2),
 			Balance decimal(8,2));
 0 rows inserted/updated/deleted
-ij> call SYSCS_UTIL.SYSCS_IMPORT_TABLE (null, 'Alt1' , 'extin/Alt1.asc' , 
+ij> call SYSCS_UTIL.SYSCS_IMPORT_TABLE (null, 'ALT1' , 'extin/Alt1.asc' , 
                                       null, null, null, 0) ;
 ERROR 38000: The exception 'SQL Exception: Invalid character string format for type INTEGER.' was thrown while evaluating an expression.
 ERROR 22018: Invalid character string format for type INTEGER.
@@ -388,7 +388,7 @@ ij> create table Alt3 (	Account	int,
 			Payment	decimal(8,2),
 			Balance decimal(8,2));
 0 rows inserted/updated/deleted
-ij> call SYSCS_UTIL.SYSCS_IMPORT_TABLE (null, 'Alt3' , 'extin/Alt3.asc' , 
+ij> call SYSCS_UTIL.SYSCS_IMPORT_TABLE (null, 'ALT3' , 'extin/Alt3.asc' , 
                                       null, null, null, 0) ;
 ERROR 38000: The exception 'SQL Exception: Invalid character string format for type INTEGER.' was thrown while evaluating an expression.
 ERROR 22018: Invalid character string format for type INTEGER.
@@ -428,7 +428,7 @@ ij> create table sqlAnywhere1 (
 	email	varchar(80),
 	web	varchar(50));
 0 rows inserted/updated/deleted
-ij> call SYSCS_UTIL.SYSCS_IMPORT_DATA(null, 'sqlAnywhere1' ,
+ij> call SYSCS_UTIL.SYSCS_IMPORT_DATA(null, 'SQLANYWHERE1' ,
                                   null , '1,2,3,4,5,7,8,9,10,11,12,13,14', 
 	 		          'extin/sqlAnywhere1.txt' , 
 				  '|', '''', 'ASCII', 0) ;
@@ -552,7 +552,7 @@ ij> create table sqlAnywhere2 (
 	email varchar(40),
 	phone varchar(30));
 0 rows inserted/updated/deleted
-ij> call SYSCS_UTIL.SYSCS_IMPORT_DATA(null, 'sqlAnywhere2' , 
+ij> call SYSCS_UTIL.SYSCS_IMPORT_DATA(null, 'SQLANYWHERE2' , 
 		                  null , '3, 4, 7, 5',
 			          'extin/sqlAnywhere2.txt' , 
 				  '|', '''', 'ASCII', 0) ;
@@ -584,7 +584,7 @@ ij> create table HouseHoldItem (
 0 rows inserted/updated/deleted
 ij> -- import it first with just LF as record seperator, we should be seeing 
 -- ^M's at the end of note field.
-call SYSCS_UTIL.SYSCS_IMPORT_DATA(null, 'HouseHoldItem' , 
+call SYSCS_UTIL.SYSCS_IMPORT_DATA(null, 'HOUSEHOLDITEM' , 
 				  null , '2,3,4,5,6,7,8,11,14', 
 				  'extin/Access1.txt' , 
 				  null, null, null, 0) ;
@@ -605,7 +605,7 @@ ij> create table  imp_temp(column2 varchar(200),
                   column5 varchar(200),
                   column6 varchar(200));
 0 rows inserted/updated/deleted
-ij> call SYSCS_UTIL.SYSCS_IMPORT_DATA(null, 'imp_temp' ,null, '2, 3, 4, 5, 6',
+ij> call SYSCS_UTIL.SYSCS_IMPORT_DATA(null, 'IMP_TEMP' ,null, '2, 3, 4, 5, 6',
                                     'extinout/t1.dump', '|', '''', 'ASCII', 0) ;
 0 rows inserted/updated/deleted
 ij> select * from imp_temp ;
diff --git a/java/testing/org/apache/derbyTesting/functionTests/tests/i18n/I18NImportExport.sql b/java/testing/org/apache/derbyTesting/functionTests/tests/i18n/I18NImportExport.sql
index 914f08a51..bb751b422 100644
--- a/java/testing/org/apache/derbyTesting/functionTests/tests/i18n/I18NImportExport.sql
+++ b/java/testing/org/apache/derbyTesting/functionTests/tests/i18n/I18NImportExport.sql
@@ -7,7 +7,7 @@ insert into tab1 values(98.214, date('2000-12-08'),  'test row 4');
 insert into tab1 values(77.406, date('2000-10-19'),  'test row 5');
 insert into tab1 values(50.395, date('2000-11-29'),  'test row 6');
 
-call SYSCS_UTIL.SYSCS_EXPORT_TABLE (null, 'tab1' , 'extinout/tab1_fr.unl' , 
+call SYSCS_UTIL.SYSCS_EXPORT_TABLE (null, 'TAB1' , 'extinout/tab1_fr.unl' , 
                                     null, null, 'UTF8') ;
 
 -- localized display is off
@@ -19,7 +19,7 @@ select * from tab1;
 drop table tab1;
 create table tab1( c1 decimal(5,3), c2 date, c3 char(20) );
 
-call SYSCS_UTIL.SYSCS_IMPORT_TABLE (null, 'tab1' , 'extinout/tab1_fr.unl' , 
+call SYSCS_UTIL.SYSCS_IMPORT_TABLE (null, 'TAB1' , 'extinout/tab1_fr.unl' , 
                                     null, null, 'UTF8', 0) ;
 
 
diff --git a/java/testing/org/apache/derbyTesting/functionTests/tests/i18n/UnicodeEscape_JP.sql b/java/testing/org/apache/derbyTesting/functionTests/tests/i18n/UnicodeEscape_JP.sql
index 97b3ce919..5763a9edd 100644
--- a/java/testing/org/apache/derbyTesting/functionTests/tests/i18n/UnicodeEscape_JP.sql
+++ b/java/testing/org/apache/derbyTesting/functionTests/tests/i18n/UnicodeEscape_JP.sql
@@ -17,5 +17,5 @@ insert into jtest values(14,'15:34:30','\u30ea\u30bf\u30fc\u30f3\u30b3\u30fc\u30
 insert into jtest values(15,'15:35:35','sysmaster\u30c7\u30fc\u30bf\u30d9\u30fc\u30b9\u306e\u4f5c\u6210\u306f\u5b8c\u4e86\u3057\u307e\u3057\u305f\u3002');
 insert into jtest values(16,'15:39:10','\u30c1\u30a7\u30c3\u30af\u30dd\u30a4\u30f3\u30c8\u304c\u5b8c\u4e86\u3057\u307e\u3057\u305f:\u7d99\u7d9a\u6642\u9593\u306f 8\u79d2\u3067\u3057\u305f');
 select * from jtest;
-call SYSCS_UTIL.SYSCS_EXPORT_TABLE ('APP', 'jtest' , 'extout/jtest.unl' , 
+call SYSCS_UTIL.SYSCS_EXPORT_TABLE ('APP', 'JTEST' , 'extout/jtest.unl' , 
                                     null, null,'EUC_JP') ;
diff --git a/java/testing/org/apache/derbyTesting/functionTests/tests/tools/iepnegativetests.sql b/java/testing/org/apache/derbyTesting/functionTests/tests/tools/iepnegativetests.sql
index 0f6a4dc53..8e5b4fbd9 100644
--- a/java/testing/org/apache/derbyTesting/functionTests/tests/tools/iepnegativetests.sql
+++ b/java/testing/org/apache/derbyTesting/functionTests/tests/tools/iepnegativetests.sql
@@ -4,13 +4,13 @@ create table iep.t1(a int);
 insert into iep.t1 values(100) , (101) , (102) , (103) , (104) , (105) , (106);
 --export error cases
 --export can not create file
-call SYSCS_UTIL.SYSCS_EXPORT_TABLE ('iep', 't1' , 'nodir/t1.dat' , 
+call SYSCS_UTIL.SYSCS_EXPORT_TABLE ('IEP', 'T1' , 'nodir/t1.dat' , 
                                  null, null, null) ;
 --export table not found
-call SYSCS_UTIL.SYSCS_EXPORT_TABLE ('iep', 'NOTABLE' , 'extinout/t1.dat' , 
+call SYSCS_UTIL.SYSCS_EXPORT_TABLE ('IEP', 'NOTABLE' , 'extinout/t1.dat' , 
                                  null, null, null) ;
 ---export schema is not valid
-call SYSCS_UTIL.SYSCS_EXPORT_TABLE ('XXXX', 't1' , 'extinout/t1.dat' , 
+call SYSCS_UTIL.SYSCS_EXPORT_TABLE ('XXXX', 'T1' , 'extinout/t1.dat' , 
                                  null, null, null) ;
 --export query is invalid (syntax error)
 call SYSCS_UTIL.SYSCS_EXPORT_QUERY('select from t1', 
@@ -20,77 +20,77 @@ call SYSCS_UTIL.SYSCS_EXPORT_QUERY('select from t1',
 call SYSCS_UTIL.SYSCS_EXPORT_QUERY('select * from iep.t1', 
                                     'extinout/t1.dat' , null, null, 'NOSUCHCODESET') ;
 
-call SYSCS_UTIL.SYSCS_EXPORT_TABLE ('XXXX', 't1' , 'extinout/t1.dat' , 
+call SYSCS_UTIL.SYSCS_EXPORT_TABLE ('XXXX', 'T1' , 'extinout/t1.dat' , 
                                  null, null, null) ;
 --export delimiter errror cases
 --period can not be used as character ot column delimiter
-call SYSCS_UTIL.SYSCS_EXPORT_TABLE ('iep', 't1' , 'extinout/t1.dat' , 
+call SYSCS_UTIL.SYSCS_EXPORT_TABLE ('IEP', 'T1' , 'extinout/t1.dat' , 
                                  null, '.', null) ;
-call SYSCS_UTIL.SYSCS_EXPORT_TABLE ('iep', 't1' , 'extinout/t1.dat' , 
+call SYSCS_UTIL.SYSCS_EXPORT_TABLE ('IEP', 'T1' , 'extinout/t1.dat' , 
                                  '.', null, null) ;
 
 --same delimter can not be used as character and column delimters
-call SYSCS_UTIL.SYSCS_EXPORT_TABLE ('iep', 't1' , 'extinout/t1.dat' , 
+call SYSCS_UTIL.SYSCS_EXPORT_TABLE ('IEP', 'T1' , 'extinout/t1.dat' , 
                                  ';', ';', null) ;
 
 --space character can not be a delimiter
-call SYSCS_UTIL.SYSCS_EXPORT_TABLE ('iep', 't1' , 'extinout/t1.dat' , 
+call SYSCS_UTIL.SYSCS_EXPORT_TABLE ('IEP', 'T1' , 'extinout/t1.dat' , 
                                  ' ', ';', null) ;
 
-call SYSCS_UTIL.SYSCS_EXPORT_TABLE ('iep', 't1' , 'extinout/t1.dat' , 
+call SYSCS_UTIL.SYSCS_EXPORT_TABLE ('IEP', 'T1' , 'extinout/t1.dat' , 
                                  null, ' ', null) ;
 
 --if emtry strinng is passed actual value delimiter should be space
 --and the that should become a invalid delimiter 
-call SYSCS_UTIL.SYSCS_EXPORT_TABLE ('iep', 't1' , 'extinout/t1.dat' , 
+call SYSCS_UTIL.SYSCS_EXPORT_TABLE ('IEP', 'T1' , 'extinout/t1.dat' , 
                                  '', ';', null) ;
 
-call SYSCS_UTIL.SYSCS_EXPORT_TABLE ('iep', 't1' , 'extinout/t1.dat' , 
+call SYSCS_UTIL.SYSCS_EXPORT_TABLE ('IEP', 'T1' , 'extinout/t1.dat' , 
                                  null, '', null) ;
 
 
 --more than one character passed to the delimiters get truncated to one
 --following one should give error because eventually '\' delimiter 
 --is used a both for char and col
-call SYSCS_UTIL.SYSCS_EXPORT_TABLE ('iep', 't1' , 'extinout/t1.dat' , 
+call SYSCS_UTIL.SYSCS_EXPORT_TABLE ('IEP', 'T1' , 'extinout/t1.dat' , 
                                  '\a', '\', null) ;
 
 
 --DO A VALID EXPORT AND  IMPORT 
 set schema iep;
-call SYSCS_UTIL.SYSCS_EXPORT_TABLE ('iep', 't1' , 'extinout/t1.dat' , 
+call SYSCS_UTIL.SYSCS_EXPORT_TABLE ('IEP', 'T1' , 'extinout/t1.dat' , 
                                  null, null, 'utf-8') ;
 delete from t1 ;
 
-call SYSCS_UTIL.SYSCS_IMPORT_TABLE('iep', 't1' , 'extinout/t1.dat' , 
+call SYSCS_UTIL.SYSCS_IMPORT_TABLE('IEP', 'T1' , 'extinout/t1.dat' , 
                                  null, null, null, 0) ;
 select * from t1;
 
 --import error cases
 --import can not find input file
-call SYSCS_UTIL.SYSCS_IMPORT_TABLE('iep', 't1' , 'nodir/t1.dat' , 
+call SYSCS_UTIL.SYSCS_IMPORT_TABLE('IEP', 'T1' , 'nodir/t1.dat' , 
                                  null, null, null, 0) ;
 --import table not found
-call SYSCS_UTIL.SYSCS_IMPORT_TABLE ('iep', 'NOTABLE' , 'extinout/t1.dat' , 
+call SYSCS_UTIL.SYSCS_IMPORT_TABLE ('IEP', 'NOTABLE' , 'extinout/t1.dat' , 
                                  null, null, null, 0) ;
 --import schema is not valid
-call SYSCS_UTIL.SYSCS_IMPORT_TABLE ('XXXX', 't1' , 'extinout/t1.dat' , 
+call SYSCS_UTIL.SYSCS_IMPORT_TABLE ('XXXX', 'T1' , 'extinout/t1.dat' , 
                                  null, null, null, 0) ;
 
-call SYSCS_UTIL.SYSCS_IMPORT_TABLE ('iep', 't1' , 'extinout/t1.dat' , 
+call SYSCS_UTIL.SYSCS_IMPORT_TABLE ('IEP', 'T1' , 'extinout/t1.dat' , 
                                  null, null, 'INCORRECTCODESET', 0) ;
 
 --check import with invalid delimiter usage
 --if emtry strinng is passed actual value delimiter should be space
 --and the that should become a invalid delimiter 
-call SYSCS_UTIL.SYSCS_IMPORT_TABLE ('iep', 't1' , 'extinout/t1.dat' , 
+call SYSCS_UTIL.SYSCS_IMPORT_TABLE ('IEP', 'T1' , 'extinout/t1.dat' , 
                                  '', ';', null, 0) ;
 
-call SYSCS_UTIL.SYSCS_IMPORT_TABLE ('iep', 't1' , 'extinout/t1.dat' , 
+call SYSCS_UTIL.SYSCS_IMPORT_TABLE ('IEP', 'T1' , 'extinout/t1.dat' , 
                                  null, '', null, 0) ;
 
 --same delimter can not be used as character and column delimters
-call SYSCS_UTIL.SYSCS_IMPORT_TABLE ('iep', 't1' , 'extinout/t1.dat' , 
+call SYSCS_UTIL.SYSCS_IMPORT_TABLE ('IEP', 'T1' , 'extinout/t1.dat' , 
                                  ';', ';', null, 1) ;
 
 
@@ -100,19 +100,19 @@ declare global temporary table session.temp1(c1 int) on commit preserve rows not
 insert into session.temp1 values(1) , (2) , (3) , (4) , (5) , (6);
 select * from session.temp1;
 --export to from a temporary table
-call SYSCS_UTIL.SYSCS_EXPORT_TABLE ('session', 'temp1' , 'extinout/temp1.dat' , 
+call SYSCS_UTIL.SYSCS_EXPORT_TABLE ('SESSION', 'TEMP1' , 'extinout/temp1.dat' , 
       
                            null, null, null) ;
 -- because temporary table has on commit preserve rows, commit issued by export will not delete data from the temp table.
 select * from session.temp1;
 --import back to a regualr table
-call SYSCS_UTIL.SYSCS_IMPORT_TABLE ('iep', 'v1' , 'extinout/temp1.dat' , 
+call SYSCS_UTIL.SYSCS_IMPORT_TABLE ('IEP', 'V1' , 'extinout/temp1.dat' , 
                                  null, null, null, 0) ;
 select * from v1;
 commit;
 --import to a temp table should fail with a table not found errror
 declare global temporary table session.temp2(c1 int) not logged;
-call SYSCS_UTIL.SYSCS_IMPORT_TABLE ('session', 'temp2' , 'extinout/temp1.dat' , 
+call SYSCS_UTIL.SYSCS_IMPORT_TABLE ('SESSION', 'TEMP2' , 'extinout/temp1.dat' , 
                                  null, null, null, 0) ;
 
 select * from session.temp2 ;
@@ -125,61 +125,61 @@ insert into t3 values(1 , 3.5 , 8.6 , 'test strings');
 insert into t3 values(2 , 3.5 , 8.6 , 'test strings');
 insert into t3 values(3 , 3.5 , 8.6 , 'test strings');
 insert into t3 values(4 , 3.5 , 8.6 , 'test strings');
-call SYSCS_UTIL.SYSCS_EXPORT_TABLE ('iep', 't3' , 'extinout/t3.dat' , 
+call SYSCS_UTIL.SYSCS_EXPORT_TABLE ('IEP', 'T3' , 'extinout/t3.dat' , 
                                  null, null, null) ;
 
-call SYSCS_UTIL.SYSCS_IMPORT_TABLE ('iep', 't3' , 'extinout/t3.dat' , 
+call SYSCS_UTIL.SYSCS_IMPORT_TABLE ('IEP', 'T3' , 'extinout/t3.dat' , 
                                  null, null, null, 0) ;
 select * from t3;
 
 --import data column names are incorrect
-call SYSCS_UTIL.SYSCS_IMPORT_DATA('iep', 't3' , 'x1, x2, x3, x4', null,
+call SYSCS_UTIL.SYSCS_IMPORT_DATA('IEP', 'T3' , 'X1, X2, X3, X4', null,
                                  'extinout/t3.dat' , 
                                  null, null, null, 0) ;
 
-call SYSCS_UTIL.SYSCS_IMPORT_DATA('iep', 't3' , 'x1, x2, x3', '1,2,3,4', 
+call SYSCS_UTIL.SYSCS_IMPORT_DATA('IEP', 'T3' , 'X1, X2, X3', '1,2,3,4', 
                                  'extinout/t3.dat' , 
                                  null, null, null, 0) ;
 
 --import data insert column names count < column indexes does not match
-call SYSCS_UTIL.SYSCS_IMPORT_DATA('iep', 't3' , 'c1, c2, c3', '1,2,3,4', 
+call SYSCS_UTIL.SYSCS_IMPORT_DATA('IEP', 'T3' , 'C1, C2, C3', '1,2,3,4', 
                                  'extinout/t3.dat' , 
                                  null, null, null, 0) ;
 --import data column indexes count > insert columns count
-call SYSCS_UTIL.SYSCS_IMPORT_DATA('iep', 't3' , 'c1, c2, c3,c4', '1,2', 
+call SYSCS_UTIL.SYSCS_IMPORT_DATA('IEP', 'T3' , 'C1, C2, C3,C4', '1,2', 
                                  'extinout/t3.dat' , 
                                  null, null, null, 0) ;
 
-call SYSCS_UTIL.SYSCS_IMPORT_DATA('iep', 't3' , null, '11,22,12,24', 
+call SYSCS_UTIL.SYSCS_IMPORT_DATA('IEP', 'T3' , null, '11,22,12,24', 
                                  'extinout/t3.dat' , 
 				 null, null, null, 0) ;
 
 
 --repeat the above type cases with empty file and minor variation to paramters
 delete from t3 ;
-call SYSCS_UTIL.SYSCS_EXPORT_TABLE ('iep', 't3' , 'extinout/t3.dat' , 
+call SYSCS_UTIL.SYSCS_EXPORT_TABLE ('IEP', 'T3' , 'extinout/t3.dat' , 
                                   ';', '^', 'utf-16') ;
 --import data column names are incorrect
-call SYSCS_UTIL.SYSCS_IMPORT_DATA('iep', 't3' , 'x1, x2, x3, x4', null, 
+call SYSCS_UTIL.SYSCS_IMPORT_DATA('IEP', 'T3' , 'X1, X2, X3, X4', null, 
                                  'extinout/t3.dat' , 
                                  ';', '^', 'utf-16', 1) ;
 
-call SYSCS_UTIL.SYSCS_IMPORT_DATA('iep', 't3' , 'x1, x2, x3', '1,2,3,4', 
+call SYSCS_UTIL.SYSCS_IMPORT_DATA('IEP', 'T3' , 'X1, X2, X3', '1,2,3,4', 
                                  'extinout/t3.dat' , 
 				    ';', '^', 'utf-16', 1) ;
 
 --import data insert column names count < column indexes does not match
-call SYSCS_UTIL.SYSCS_IMPORT_DATA('iep', 't3' , 'c1, c2, c3', null, 
+call SYSCS_UTIL.SYSCS_IMPORT_DATA('IEP', 'T3' , 'C1, C2, C3', null, 
                                  'extinout/t3.dat' , 
 				    ';', '^', 'utf-16', 1) ;
 --import data column indexes count > insert columns count
-call SYSCS_UTIL.SYSCS_IMPORT_DATA('iep', 't3' , null, '1,2', 
+call SYSCS_UTIL.SYSCS_IMPORT_DATA('IEP', 'T3' , null, '1,2', 
                                  'extinout/t3.dat' , 
 				    ';', '^', 'utf-16', 1) ;
 
 
 --specify column indexes that are not there in the file that is being  imported
-call SYSCS_UTIL.SYSCS_IMPORT_DATA('iep', 't3' , null, '11,22,12,24', 
+call SYSCS_UTIL.SYSCS_IMPORT_DATA('IEP', 'T3' , null, '11,22,12,24', 
                                  'extinout/t3.dat' , 
 				    ';', '^', 'utf-16', 1) ;
 
@@ -193,15 +193,15 @@ call SYSCS_UTIL.SYSCS_IMPORT_TABLE ('SYS', 'SYSTABLES' , 'extinout/t3.dat' ,
 create table ntype(a int , ct CLOB(1024));
 create table ntype1(bt BLOB(1024) , a int);
 
-call SYSCS_UTIL.SYSCS_EXPORT_TABLE ('iep', 'ntype' , 'extinout/ntype.dat' , 
+call SYSCS_UTIL.SYSCS_EXPORT_TABLE ('IEP', 'NTYPE' , 'extinout/ntype.dat' , 
                                  null, null, null) ;
 call SYSCS_UTIL.SYSCS_EXPORT_QUERY('select * from iep.ntype1',
 				   'extinout/ntype.dat' , 
                                    null, null, null) ;
 
-call SYSCS_UTIL.SYSCS_IMPORT_TABLE ('iep', 'ntype' , 'extinout/ntype.dat' , 
+call SYSCS_UTIL.SYSCS_IMPORT_TABLE ('IEP', 'NTYPE' , 'extinout/ntype.dat' , 
                                  null, null, null, 0) ;
-call SYSCS_UTIL.SYSCS_IMPORT_DATA('iep', 'ntype1' , null , null, 
+call SYSCS_UTIL.SYSCS_IMPORT_DATA('IEP', 'NTYPE1' , null , null, 
                                  'extinout/ntype.dat' , 
                                  null, null, null, 0) ;
 
@@ -219,7 +219,7 @@ set connection c2;
 autocommit off;
 --following import should fail with lock time out
 call SYSCS_UTIL.SYSCS_SET_DATABASE_PROPERTY('derby.locks.waitTimeout', '5');
-CALL SYSCS_UTIL.SYSCS_IMPORT_TABLE('iep', 'parent', 'extinout/parent.del',null, null, null,1);
+CALL SYSCS_UTIL.SYSCS_IMPORT_TABLE('IEP', 'PARENT', 'extinout/parent.del',null, null, null,1);
 disconnect c1;
 disconnect c2;
 
diff --git a/java/testing/org/apache/derbyTesting/functionTests/tests/tools/ieptests.sql b/java/testing/org/apache/derbyTesting/functionTests/tests/tools/ieptests.sql
index 368f48f33..384a68a63 100644
--- a/java/testing/org/apache/derbyTesting/functionTests/tests/tools/ieptests.sql
+++ b/java/testing/org/apache/derbyTesting/functionTests/tests/tools/ieptests.sql
@@ -9,10 +9,10 @@ create table imp_emp(id int , name char(7), skills varchar(200), salary decimal(
 insert into ex_emp values(99, 'smith' , 'tennis"p,l,ayer"', 190.55) ;
 -- Perform Export:
 
-call SYSCS_UTIL.SYSCS_EXPORT_TABLE (null, 'ex_emp' , 'extinout/emp.dat' , 
+call SYSCS_UTIL.SYSCS_EXPORT_TABLE (null, 'EX_EMP' , 'extinout/emp.dat' , 
                                  null, null, null) ;
 -- Perform Import
-call SYSCS_UTIL.SYSCS_IMPORT_TABLE (null, 'imp_emp' , 'extinout/emp.dat' , 
+call SYSCS_UTIL.SYSCS_IMPORT_TABLE (null, 'IMP_EMP' , 'extinout/emp.dat' , 
                                       null, null, null, 0) ;
 
 insert into ex_emp values(100, 'smith' , 'tennis"player"', 190.55) ;
@@ -31,10 +31,10 @@ insert into ex_emp values(108, null , null, null) ;
 
 -- Perform Export:
 
-call SYSCS_UTIL.SYSCS_EXPORT_TABLE (null, 'ex_emp' , 'extinout/emp.dat' , 
+call SYSCS_UTIL.SYSCS_EXPORT_TABLE (null, 'EX_EMP' , 'extinout/emp.dat' , 
                                  null, null, null) ;
 -- Perform Import
-call SYSCS_UTIL.SYSCS_IMPORT_TABLE (null, 'imp_emp' , 'extinout/emp.dat' , 
+call SYSCS_UTIL.SYSCS_IMPORT_TABLE (null, 'IMP_EMP' , 'extinout/emp.dat' , 
                                       null, null, null, 0) ;
 
 select * from ex_emp;
@@ -52,7 +52,7 @@ delete from imp_emp where id < 105;
 call SYSCS_UTIL.SYSCS_EXPORT_QUERY('select * from ex_emp where id < 105', 
                                     'extinout/emp.dat' , null, null, null) ;
 
-call SYSCS_UTIL.SYSCS_IMPORT_TABLE (null, 'imp_emp' , 'extinout/emp.dat' , 
+call SYSCS_UTIL.SYSCS_IMPORT_TABLE (null, 'IMP_EMP' , 'extinout/emp.dat' , 
                                       null, null, null, 0) ;
 
 --checking query
@@ -68,7 +68,7 @@ call SYSCS_UTIL.SYSCS_EXPORT_QUERY('select name , salary , skills, id from ex_em
 
 -- import them in to a with order different than in the table;
 
-call SYSCS_UTIL.SYSCS_IMPORT_DATA(null, 'imp_emp' ,'name, salary, skills, id', null,
+call SYSCS_UTIL.SYSCS_IMPORT_DATA(null, 'IMP_EMP' ,'NAME, SALARY, SKILLS, ID', null,
                                     'extinout/emp.dat', null, null, null, 1) ;
 --check query
 select count(*) from imp_emp, ex_emp
@@ -78,7 +78,7 @@ select count(*) from imp_emp, ex_emp
 
 
 -- do import replace into the table with table order but using column indexes
-call SYSCS_UTIL.SYSCS_IMPORT_DATA(null, 'imp_emp' ,null, '4, 1, 3, 2',
+call SYSCS_UTIL.SYSCS_IMPORT_DATA(null, 'IMP_EMP' ,null, '4, 1, 3, 2',
                                     'extinout/emp.dat', null, null, null, 1) ;
 
 --check query
@@ -88,7 +88,7 @@ select count(*) from imp_emp, ex_emp
       (ex_emp.skills is NULL and imp_emp.skills is NULL));
 
 --replace using insert column names and column indexes
-call SYSCS_UTIL.SYSCS_IMPORT_DATA(null, 'imp_emp' ,'salary, id, skills, name', '2, 4, 3, 1',
+call SYSCS_UTIL.SYSCS_IMPORT_DATA(null, 'IMP_EMP' ,'SALARY, ID, SKILLS, NAME', '2, 4, 3, 1',
                                     'extinout/emp.dat', null, null, null, 1) ;
 
 --check query
@@ -100,26 +100,26 @@ select count(*) from imp_emp, ex_emp
 
 ---testing with different delimiters
 -- single quote(') as character delimiter
-call SYSCS_UTIL.SYSCS_EXPORT_TABLE (null, 'ex_emp' , 'extinout/emp.dat' , 
+call SYSCS_UTIL.SYSCS_EXPORT_TABLE (null, 'EX_EMP' , 'extinout/emp.dat' , 
                                     null, '''', null) ;
 
-call SYSCS_UTIL.SYSCS_IMPORT_TABLE (null, 'imp_emp' , 'extinout/emp.dat' , 
+call SYSCS_UTIL.SYSCS_IMPORT_TABLE (null, 'IMP_EMP' , 'extinout/emp.dat' , 
                                     null, '''', null, 1) ;
 
 select * from imp_emp ;
 
 -- single quote(') as column delimiter
-call SYSCS_UTIL.SYSCS_EXPORT_TABLE (null, 'ex_emp' , 'extinout/emp.dat' , 
+call SYSCS_UTIL.SYSCS_EXPORT_TABLE (null, 'EX_EMP' , 'extinout/emp.dat' , 
                                     '''',null, null) ;
 delete from imp_emp ;
-call SYSCS_UTIL.SYSCS_IMPORT_TABLE (null, 'imp_emp' , 'extinout/emp.dat' , 
+call SYSCS_UTIL.SYSCS_IMPORT_TABLE (null, 'IMP_EMP' , 'extinout/emp.dat' , 
                                     '''', null, null, 0) ;
 select * from imp_emp;
 
-call SYSCS_UTIL.SYSCS_EXPORT_TABLE (null, 'ex_emp' , 'extinout/emp.dat' , 
+call SYSCS_UTIL.SYSCS_EXPORT_TABLE (null, 'EX_EMP' , 'extinout/emp.dat' , 
                                  '*', '%', null) ;
 
-call SYSCS_UTIL.SYSCS_IMPORT_TABLE (null, 'ex_emp' , 'extinout/emp.dat' , 
+call SYSCS_UTIL.SYSCS_IMPORT_TABLE (null, 'EX_EMP' , 'extinout/emp.dat' , 
                                  '*', '%', null, 1) ;
 
 select * from imp_emp ;
@@ -135,9 +135,9 @@ select * from imp_emp ;
 create table noncast(c1 double , c2 real ) ;
 insert into noncast values(1.5 , 6.7 ) ;
 insert into noncast values(2.5 , 8.999) ;
-call SYSCS_UTIL.SYSCS_EXPORT_TABLE ('APP' , 'noncast' , 'extinout/noncast.dat'  , null , null , null) ;
-call SYSCS_UTIL.SYSCS_IMPORT_TABLE (null, 'noncast' , 'extinout/noncast.dat'  , null , null , null , 0) ;
-call SYSCS_UTIL.SYSCS_IMPORT_DATA(null, 'noncast', 'c2 , c1' , '2, 1' , 
+call SYSCS_UTIL.SYSCS_EXPORT_TABLE ('APP' , 'NONCAST' , 'extinout/noncast.dat'  , null , null , null) ;
+call SYSCS_UTIL.SYSCS_IMPORT_TABLE (null, 'NONCAST' , 'extinout/noncast.dat'  , null , null , null , 0) ;
+call SYSCS_UTIL.SYSCS_IMPORT_DATA(null, 'NONCAST', 'C2 , C1' , '2, 1' , 
                                    'extinout/noncast.dat'  , null , null , null , 0) ;
 select * from noncast ;
 
@@ -150,9 +150,9 @@ insert into ttypes values('3000-11-02' , '14:17:21' , '4999-09-09 11:13:11' );
 insert into ttypes values('2004-04-03' , '15:18:31' , '2004-09-09 11:14:11' );
 insert into ttypes values(null , null , null);
 
-call SYSCS_UTIL.SYSCS_EXPORT_TABLE (null, 'ttypes' , 'extinout/ttypes.del' , 
+call SYSCS_UTIL.SYSCS_EXPORT_TABLE (null, 'TTYPES' , 'extinout/ttypes.del' , 
                                  null, null, null) ;
-call SYSCS_UTIL.SYSCS_IMPORT_TABLE (null, 'ttypes' , 'extinout/ttypes.del' , 
+call SYSCS_UTIL.SYSCS_IMPORT_TABLE (null, 'TTYPES' , 'extinout/ttypes.del' , 
                                  null, null, null, 0) ;
 
 select * from ttypes;
@@ -165,9 +165,9 @@ autocommit off ;
 create table t1(a int ) ;
 insert into t1 values(1) ;
 insert into t1 values(2) ;
-call SYSCS_UTIL.SYSCS_EXPORT_TABLE (null, 't1' , 'extinout/t1.del' , 
+call SYSCS_UTIL.SYSCS_EXPORT_TABLE (null, 'T1' , 'extinout/t1.del' , 
                                  null, null, null) ;
-call SYSCS_UTIL.SYSCS_IMPORT_TABLE (null, 't1' , 'extinout/t1.del' , 
+call SYSCS_UTIL.SYSCS_IMPORT_TABLE (null, 'T1' , 'extinout/t1.del' , 
                                  null, null, null, 0) ;
 --above import should have committed , following rollback should be a noop.
 rollback;
@@ -175,14 +175,14 @@ select * from t1;
 insert into t1 values(3) ;
 insert into t1 values(4) ;
 --file not found error should rollback 
-call SYSCS_UTIL.SYSCS_IMPORT_TABLE (null, 't1' , 'extinout/nofile.del' , 
+call SYSCS_UTIL.SYSCS_IMPORT_TABLE (null, 'T1' , 'extinout/nofile.del' , 
                                  null, null, null, 0) ;
 commit;
 select * from t1 ;
 insert into t1 values(3) ;
 insert into t1 values(4) ;
 --table not found error should issue a implicit rollback 
-call SYSCS_UTIL.SYSCS_IMPORT_TABLE (null, 'notable' , 'extinout/t1.del' , 
+call SYSCS_UTIL.SYSCS_IMPORT_TABLE (null, 'NOTABLE' , 'extinout/t1.del' , 
                                  null, null, null, 0) ;
 commit ;
 select * from t1 ;
@@ -190,12 +190,12 @@ delete from t1;
 ---check commit/rollback with replace options using 
 insert into t1 values(1) ;
 insert into t1 values(2) ;
-call SYSCS_UTIL.SYSCS_EXPORT_TABLE (null, 't1' , 'extinout/t1.del' , 
+call SYSCS_UTIL.SYSCS_EXPORT_TABLE (null, 'T1' , 'extinout/t1.del' , 
                                  null, null, null) ;
 --above export should have a commit.rollback below should be a noop
 rollback;
 select * from t1;
-call SYSCS_UTIL.SYSCS_IMPORT_TABLE (null, 't1' , 'extinout/t1.del' , 
+call SYSCS_UTIL.SYSCS_IMPORT_TABLE (null, 'T1' , 'extinout/t1.del' , 
                                  null, null, null, 1) ;
 --above import should have committed , following rollback should be a noop.
 rollback;
@@ -203,14 +203,14 @@ select * from t1;
 insert into t1 values(3) ;
 insert into t1 values(4) ;
 --file not found error should rollback 
-call SYSCS_UTIL.SYSCS_IMPORT_TABLE (null, 't1' , 'extinout/nofile.del' , 
+call SYSCS_UTIL.SYSCS_IMPORT_TABLE (null, 'T1' , 'extinout/nofile.del' , 
                                  null, null, null, 1) ;
 commit;
 select * from t1 ;
 insert into t1 values(3) ;
 insert into t1 values(4) ;
 --table not found error should issue a implicit rollback 
-call SYSCS_UTIL.SYSCS_IMPORT_TABLE (null, 'notable' , 'extinout/t1.del' , 
+call SYSCS_UTIL.SYSCS_IMPORT_TABLE (null, 'NOTABLE' , 'extinout/t1.del' , 
                                  null, null, null, 1) ;
 commit ;
 ---check IMPORT_DATA calls commit/rollback
@@ -219,9 +219,9 @@ delete from t1;
 ---check commit/rollback with replace options using 
 insert into t1 values(1) ;
 insert into t1 values(2) ;
-call SYSCS_UTIL.SYSCS_EXPORT_TABLE (null, 't1' , 'extinout/t1.del' , 
+call SYSCS_UTIL.SYSCS_EXPORT_TABLE (null, 'T1' , 'extinout/t1.del' , 
                                  null, null, null) ;
-call SYSCS_UTIL.SYSCS_IMPORT_DATA(null, 't1' , 'a' , '1' , 'extinout/t1.del' , 
+call SYSCS_UTIL.SYSCS_IMPORT_DATA(null, 'T1' , 'A' , '1' , 'extinout/t1.del' , 
                                  null, null, null, 0) ;
 --above import should have committed , following rollback should be a noop.
 rollback;
@@ -229,14 +229,14 @@ select * from t1;
 insert into t1 values(3) ;
 insert into t1 values(4) ;
 --file not found error should rollback 
-call SYSCS_UTIL.SYSCS_IMPORT_DATA(null, 't1', 'a' , '1'  , 'extinout/nofile.del' , 
+call SYSCS_UTIL.SYSCS_IMPORT_DATA(null, 'T1', 'A' , '1'  , 'extinout/nofile.del' , 
                                  null, null, null, 0) ;
 commit;
 select * from t1 ;
 insert into t1 values(3) ;
 insert into t1 values(4) ;
 --table not found error should issue a implicit rollback 
-call SYSCS_UTIL.SYSCS_IMPORT_DATA(null, 'notable' , 'a' , '1', 'extinout/t1.del' , 
+call SYSCS_UTIL.SYSCS_IMPORT_DATA(null, 'NOTABLE' , 'A' , '1', 'extinout/t1.del' , 
                                  null, null, null, 1) ;
 commit ;
 select * from t1 ;
@@ -245,18 +245,18 @@ autocommit on ;
 --make sure commit import code is ok in autcommit mode.
 insert into t1 values(3) ;
 insert into t1 values(4) ;
-call SYSCS_UTIL.SYSCS_IMPORT_DATA(null, 't1' , 'a' , '1' , 'extinout/t1.del' , 
+call SYSCS_UTIL.SYSCS_IMPORT_DATA(null, 'T1' , 'A' , '1' , 'extinout/t1.del' , 
                                  null, null, null, 0) ;
 select * from t1 ;
 insert into t1 values(5) ;
 insert into t1 values(6) ;
 --following import will back , but should not have any impact on inserts
-call SYSCS_UTIL.SYSCS_IMPORT_DATA(null, 't1', 'a' , '1'  , 'extinout/nofile.del' , 
+call SYSCS_UTIL.SYSCS_IMPORT_DATA(null, 'T1', 'A' , '1'  , 'extinout/nofile.del' , 
                                  null, null, null, 0) ;
 select * from t1 ;
 --END IMPORT COMMIT/ROLLBACK TESTSING
 
----all types supported by DB2 cloudscape import/export
+---all types supported by Derby import/export
 create table alltypes(chartype char(20) , 
 	          biginttype bigint , 
 		  datetype date , 
@@ -309,9 +309,9 @@ insert into  alltypes values('"chartype" string' ,
                               '2004-09-09 11:14:11',
                               '"varchar" testing');
                               
-call SYSCS_UTIL.SYSCS_EXPORT_TABLE (null, 'alltypes' , 'extinout/alltypes.del' , 
+call SYSCS_UTIL.SYSCS_EXPORT_TABLE (null, 'ALLTYPES' , 'extinout/alltypes.del' , 
                                  null, null, null) ;
-call SYSCS_UTIL.SYSCS_IMPORT_TABLE (null, 'alltypes' , 'extinout/alltypes.del' , 
+call SYSCS_UTIL.SYSCS_IMPORT_TABLE (null, 'ALLTYPES' , 'extinout/alltypes.del' , 
                                  null, null, null, 0) ;
 select * from alltypes ;                          
 delete from alltypes;
@@ -323,12 +323,12 @@ referencing new as newrow
 for each  row mode db2sql
 insert into test1 values(newrow.chartype);
 
-call SYSCS_UTIL.SYSCS_IMPORT_TABLE (null, 'alltypes' , 'extinout/alltypes.del' , 
+call SYSCS_UTIL.SYSCS_IMPORT_TABLE (null, 'ALLTYPES' , 'extinout/alltypes.del' , 
                                  null, null, null, 0) ;
 select count(*) from alltypes ;
 select * from test1;
 delete from alltypes;
-call SYSCS_UTIL.SYSCS_IMPORT_TABLE (null, 'alltypes' , 'extinout/alltypes.del' , 
+call SYSCS_UTIL.SYSCS_IMPORT_TABLE (null, 'ALLTYPES' , 'extinout/alltypes.del' , 
                                  null, null, null, 1) ;
 select count(*) from alltypes;
 
@@ -352,24 +352,24 @@ insert into table2 values('Leo',102, 23.4, 'I');
 
 call SYSCS_UTIL.SYSCS_EXPORT_QUERY('select c1,c3,c4 from table2' , 'extinout/import.del' , 
                                  null, null, null) ;
-CALL SYSCS_UTIL.SYSCS_IMPORT_DATA(NULL,'table1', 'c1,c3,c4' , null, 'extinout/import.del',null, null,null,0);
+CALL SYSCS_UTIL.SYSCS_IMPORT_DATA(NULL,'TABLE1', 'C1,C3,C4' , null, 'extinout/import.del',null, null,null,0);
 
 select * from table1;
 delete from table1;
-call SYSCS_UTIL.SYSCS_EXPORT_TABLE(null , 'table2' , 'extinout/import.del',  null, null, null) ;
+call SYSCS_UTIL.SYSCS_EXPORT_TABLE(null , 'TABLE2' , 'extinout/import.del',  null, null, null) ;
 
 --following import should fail becuase of inserting into identity column.
-CALL SYSCS_UTIL.SYSCS_IMPORT_TABLE(NULL, 'table1', 'extinout/import.del',null, null, null,1);
+CALL SYSCS_UTIL.SYSCS_IMPORT_TABLE(NULL, 'TABLE1', 'extinout/import.del',null, null, null,1);
 
 --following import should be succesful
-CALL SYSCS_UTIL.SYSCS_IMPORT_DATA(NULL, 'table1', 'c1,c3,c4' , '1,3,4', 'extinout/import.del',null, null, null,1);
+CALL SYSCS_UTIL.SYSCS_IMPORT_DATA(NULL, 'TABLE1', 'C1,C3,C4' , '1,3,4', 'extinout/import.del',null, null, null,1);
 select * from table1;
 
 update table2 set c2=null;
 --check null values import to identity columns should also fail
-call SYSCS_UTIL.SYSCS_EXPORT_TABLE(null , 'table2' , 'extinout/import.del' , 
+call SYSCS_UTIL.SYSCS_EXPORT_TABLE(null , 'TABLE2' , 'extinout/import.del' , 
                                  null, null, null) ;
-CALL SYSCS_UTIL.SYSCS_IMPORT_TABLE(NULL, 'table1', 'extinout/import.del',null, null, null,1);
+CALL SYSCS_UTIL.SYSCS_IMPORT_TABLE(NULL, 'TABLE1', 'extinout/import.del',null, null, null,1);
 select * from table1;
 
 --check that replace fails when there dependents and replaced data 
@@ -381,12 +381,12 @@ insert into child values (1) , (2) , (3) , (4) ;
 call SYSCS_UTIL.SYSCS_EXPORT_QUERY('select * from parent where a < 3' , 'extinout/parent.del' , 
                                  null, null, null) ;
 --replace should fail because of dependent table
-CALL SYSCS_UTIL.SYSCS_IMPORT_TABLE(NULL, 'parent', 'extinout/parent.del',null, null, null,1);
+CALL SYSCS_UTIL.SYSCS_IMPORT_TABLE(NULL, 'PARENT', 'extinout/parent.del',null, null, null,1);
 select * from parent;
 
 ---test with a file which has a differen records seperators (\n, \r , \r\n)
 create table nt1( a int , b char(30));
-CALL SYSCS_UTIL.SYSCS_IMPORT_TABLE(NULL, 'nt1', 'extin/mixednl.del',null, null, null,0);
+CALL SYSCS_UTIL.SYSCS_IMPORT_TABLE(NULL, 'NT1', 'extin/mixednl.del',null, null, null,0);
 select * from nt1;
 drop table nt1 ;
 
@@ -400,14 +400,14 @@ create table position_info
        detail_description long varchar,
        web_flag varchar(1)
     );
-CALL SYSCS_UTIL.SYSCS_IMPORT_TABLE ('APP', 'position_info', 'extin/position_info.del',
+CALL SYSCS_UTIL.SYSCS_IMPORT_TABLE ('APP', 'POSITION_INFO', 'extin/position_info.del',
                                     null, null, null, 1);
 select count(*) from position_info ;
 select detail_description from position_info where position_code='AG1000';
-CALL SYSCS_UTIL.SYSCS_EXPORT_TABLE ('APP', 'position_info', 'extinout/pinfo.del',
+CALL SYSCS_UTIL.SYSCS_EXPORT_TABLE ('APP', 'POSITION_INFO', 'extinout/pinfo.del',
                                     null, null, null);
 delete from position_info;
-CALL SYSCS_UTIL.SYSCS_IMPORT_TABLE ('APP', 'position_info', 'extinout/pinfo.del',
+CALL SYSCS_UTIL.SYSCS_IMPORT_TABLE ('APP', 'POSITION_INFO', 'extinout/pinfo.del',
                                     null, null, null, 1);
 select count(*) from position_info ;
 select detail_description from position_info where position_code='AG1000';
@@ -420,9 +420,9 @@ CALL SYSCS_UTIL.SYSCS_EXPORT_QUERY('values(1),(2),(3)','extinout/autoinc.dat',nu
 create table dest_always(i int generated always as identity);
 create table dest_by_default(i int generated by default as identity);
 
-CALL SYSCS_UTIL.SYSCS_IMPORT_TABLE('APP','dest_always','extinout/autoinc.dat',null,null,null,0);
+CALL SYSCS_UTIL.SYSCS_IMPORT_TABLE('APP','DEST_ALWAYS','extinout/autoinc.dat',null,null,null,0);
 select * from dest_always;
-CALL SYSCS_UTIL.SYSCS_IMPORT_TABLE('APP','dest_by_default','extinout/autoinc.dat',null,null,null,0);
+CALL SYSCS_UTIL.SYSCS_IMPORT_TABLE('APP','DEST_BY_DEFAULT','extinout/autoinc.dat',null,null,null,0);
 select * from dest_by_default;
 
 drop table dest_always;
@@ -432,11 +432,85 @@ drop table dest_by_default;
 create table dest_always(i int generated always as identity);
 create table dest_by_default(i int generated by default as identity);
 
-CALL SYSCS_UTIL.SYSCS_IMPORT_TABLE('APP','dest_always','extinout/autoinc.dat',null,null,null,1);
+CALL SYSCS_UTIL.SYSCS_IMPORT_TABLE('APP','DEST_ALWAYS','extinout/autoinc.dat',null,null,null,1);
 select * from dest_always;
-CALL SYSCS_UTIL.SYSCS_IMPORT_TABLE('APP','dest_by_default','extinout/autoinc.dat',null,null,null,1);
+CALL SYSCS_UTIL.SYSCS_IMPORT_TABLE('APP','DEST_BY_DEFAULT','extinout/autoinc.dat',null,null,null,1);
 select * from dest_by_default;
 
 drop table dest_always;
 drop table dest_by_default;
-
+--test case for bug (DERBY-390)
+--test import/export with reserved words as table Name, column Names ..etc.
+create schema "Group";
+create table "Group"."Order"("select" int, "delete" int, itemName char(20)) ;
+insert into "Group"."Order" values(1, 2, 'memory') ;
+insert into "Group"."Order" values(3, 4, 'disk') ;
+insert into "Group"."Order" values(5, 6, 'mouse') ;
+
+--following export should fail because schema name is not matching the way it is defined using delimited quotes.
+call SYSCS_UTIL.SYSCS_EXPORT_TABLE ('GROUP', 'Order' , 'extinout/order.dat', null, null, null) ;
+--following export should fail because table name is not matching the way it is defined in the quotes.
+call SYSCS_UTIL.SYSCS_EXPORT_TABLE ('Group', 'ORDER' , 'extinout/order.dat', null, null, null) ;
+--following export should fail because of unquoted table name that is a reserved word.
+call SYSCS_UTIL.SYSCS_EXPORT_QUERY('select * from "Group".Order' , 'extinout/order.dat' ,    null , null , null ) ;
+--following exports should pass.
+call SYSCS_UTIL.SYSCS_EXPORT_TABLE ('Group', 'Order' , 'extinout/order.dat', null, null, null) ;
+call SYSCS_UTIL.SYSCS_EXPORT_QUERY('select * from "Group"."Order"' , 'extinout/order.dat' ,    null , null , null ) ;
+call SYSCS_UTIL.SYSCS_EXPORT_QUERY('select "select" , "delete" , itemName from "Group"."Order"' , 
+                                                 'extinout/order.dat' ,    null , null , null ) ;
+
+--following import should fail because schema name is not matching the way it is defined using delimited quotes.
+call SYSCS_UTIL.SYSCS_IMPORT_TABLE ('GROUP', 'Order' , 'extinout/order.dat', null, null, null, 0) ;
+--following import should fail because table name is not matching the way it is defined in the quotes.
+call SYSCS_UTIL.SYSCS_IMPORT_TABLE ('Group', 'ORDER' , 'extinout/order.dat', null, null, null, 0) ;
+--following import should fail because table name is not matching the way it is defined in the quotes.
+call SYSCS_UTIL.SYSCS_IMPORT_DATA('Group', 'ORDER' , null , null ,   'extinout/order.dat'   , null , null , null, 1) ; 
+--following import should fail because column name is not matching the way it is defined in the quotes.
+call SYSCS_UTIL.SYSCS_IMPORT_DATA('Group', 'Order' , 'DELETE, ITEMNAME' , '2, 3' ,   'extinout/order.dat'   , null , null , null, 1) ; 
+--following import should fail because undelimited column name is not in upper case.
+call SYSCS_UTIL.SYSCS_IMPORT_DATA('Group', 'Order' , 'delete, itemName' , '2, 3' ,   'extinout/order.dat'   , null , null , null, 1) ; 
+
+--following imports should pass
+call SYSCS_UTIL.SYSCS_IMPORT_TABLE ('Group', 'Order' , 'extinout/order.dat', null, null, null, 0) ;
+select * from "Group"."Order";
+call SYSCS_UTIL.SYSCS_IMPORT_DATA('Group', 'Order' , null , null ,   'extinout/order.dat'   , null , null , null, 1) ; 
+select * from "Group"."Order";
+call SYSCS_UTIL.SYSCS_IMPORT_DATA('Group', 'Order' , 'delete' , '2' ,   'extinout/order.dat'   , null , null , null, 1) ; 
+select * from "Group"."Order";
+call SYSCS_UTIL.SYSCS_IMPORT_DATA('Group', 'Order' , 'ITEMNAME, select, delete' , '3,2,1' ,   'extinout/order.dat'   , null , null , null, 1) ; 
+select * from "Group"."Order";
+drop table "Group"."Order";
+
+---test undelimited names( All unquoted SQL identfiers should be passed in upper case). 
+create schema inventory;
+create table inventory.orderTable(id int, amount int, itemName char(20)) ;
+insert into inventory.orderTable values(101, 5, 'pizza') ;
+insert into inventory.orderTable values(102, 6, 'coke') ;
+insert into inventory.orderTable values(103, 7, 'break sticks') ;
+insert into inventory.orderTable values(104, 8, 'buffolo wings') ;
+
+--following export should fail because schema name is not in upper case.
+call SYSCS_UTIL.SYSCS_EXPORT_TABLE ('inventory', 'ORDERTABLE' , 'extinout/order.dat', null, null, null) ;
+--following export should fail because table name is not in upper case.
+call SYSCS_UTIL.SYSCS_EXPORT_TABLE ('INVENTORY', 'ordertable' , 'extinout/order.dat', null, null, null) ;
+
+--following export should pass.
+call SYSCS_UTIL.SYSCS_EXPORT_TABLE ('INVENTORY', 'ORDERTABLE' , 'extinout/order.dat', null, null, null) ;
+
+--following import should fail because schema name is not in upper case
+call SYSCS_UTIL.SYSCS_IMPORT_TABLE ('inventory', 'ORDERTABLE' , 'extinout/order.dat', null, null, null, 0) ;
+--following import should fail because table name is not in upper case.
+call SYSCS_UTIL.SYSCS_IMPORT_TABLE ('INVENTORY', 'ordertable' , 'extinout/order.dat', null, null, null, 0) ;
+--following import should fail because table name is not in upper case .
+call SYSCS_UTIL.SYSCS_IMPORT_DATA('INVENTORY', 'ordertable' , null , null ,   'extinout/order.dat'   , null , null , null, 1) ; 
+--following import should fail because column name is not in upper case.
+call SYSCS_UTIL.SYSCS_IMPORT_DATA('INVENTORY', 'ORDERTABLE' , 'amount, ITEMNAME' , '2, 3' ,   'extinout/order.dat'   , null , null , null, 1) ; 
+
+
+call SYSCS_UTIL.SYSCS_IMPORT_DATA('INVENTORY', 'ORDERTABLE' , null , null ,   'extinout/order.dat'   , null , null , null, 1) ; 
+select * from inventory.orderTable;
+call SYSCS_UTIL.SYSCS_IMPORT_DATA('INVENTORY', 'ORDERTABLE' , 'ITEMNAME, ID, AMOUNT' , '3,2,1' ,   'extinout/order.dat'   , null , null , null, 1) ; 
+select * from inventory.orderTable;
+
+drop table inventory.orderTable;
+--end derby-390 related test cases.
diff --git a/java/testing/org/apache/derbyTesting/functionTests/tests/tools/importExportThruIJ.sql b/java/testing/org/apache/derbyTesting/functionTests/tests/tools/importExportThruIJ.sql
index 14b811825..b3c3a9d82 100644
--- a/java/testing/org/apache/derbyTesting/functionTests/tests/tools/importExportThruIJ.sql
+++ b/java/testing/org/apache/derbyTesting/functionTests/tests/tools/importExportThruIJ.sql
@@ -123,7 +123,7 @@ create table Alt1 (	Account	int,
 			Balance decimal(8,2));
 
 
-call SYSCS_UTIL.SYSCS_IMPORT_TABLE (null, 'Alt1' , 'extin/Alt1.asc' , 
+call SYSCS_UTIL.SYSCS_IMPORT_TABLE (null, 'ALT1' , 'extin/Alt1.asc' , 
                                       null, null, null, 0) ;
 
 
@@ -147,7 +147,7 @@ create table Alt3 (	Account	int,
 
 
 
-call SYSCS_UTIL.SYSCS_IMPORT_TABLE (null, 'Alt3' , 'extin/Alt3.asc' , 
+call SYSCS_UTIL.SYSCS_IMPORT_TABLE (null, 'ALT3' , 'extin/Alt3.asc' , 
                                       null, null, null, 0) ;
 
 
@@ -185,7 +185,7 @@ create table sqlAnywhere1 (
 	email	varchar(80),
 	web	varchar(50));
 
-call SYSCS_UTIL.SYSCS_IMPORT_DATA(null, 'sqlAnywhere1' ,
+call SYSCS_UTIL.SYSCS_IMPORT_DATA(null, 'SQLANYWHERE1' ,
                                   null , '1,2,3,4,5,7,8,9,10,11,12,13,14', 
 	 		          'extin/sqlAnywhere1.txt' , 
 				  '|', '''', 'ASCII', 0) ;
@@ -200,7 +200,7 @@ create table sqlAnywhere2 (
 	email varchar(40),
 	phone varchar(30));
 
-call SYSCS_UTIL.SYSCS_IMPORT_DATA(null, 'sqlAnywhere2' , 
+call SYSCS_UTIL.SYSCS_IMPORT_DATA(null, 'SQLANYWHERE2' , 
 		                  null , '3, 4, 7, 5',
 			          'extin/sqlAnywhere2.txt' , 
 				  '|', '''', 'ASCII', 0) ;
@@ -230,7 +230,7 @@ create table HouseHoldItem (
 -- import it first with just LF as record seperator, we should be seeing 
 -- ^M's at the end of note field.
 
-call SYSCS_UTIL.SYSCS_IMPORT_DATA(null, 'HouseHoldItem' , 
+call SYSCS_UTIL.SYSCS_IMPORT_DATA(null, 'HOUSEHOLDITEM' , 
 				  null , '2,3,4,5,6,7,8,11,14', 
 				  'extin/Access1.txt' , 
 				  null, null, null, 0) ;
@@ -252,7 +252,7 @@ create table  imp_temp(column2 varchar(200),
                   column5 varchar(200),
                   column6 varchar(200));
 
-call SYSCS_UTIL.SYSCS_IMPORT_DATA(null, 'imp_temp' ,null, '2, 3, 4, 5, 6',
+call SYSCS_UTIL.SYSCS_IMPORT_DATA(null, 'IMP_TEMP' ,null, '2, 3, 4, 5, 6',
                                     'extinout/t1.dump', '|', '''', 'ASCII', 0) ;
 
 select * from imp_temp ;
